# BellaStock SKU master | generated=2026-09-01 | total_sku=1490
18Kcal-แบล็คฟอเรส S-พร้อมส่ง
18Kcal-รวมรส(รวม4รสขายดี) S-พร้อมส่ง
18Kcal-ดับเบิ้ลช็อค S-พร้อมส่ง
18Kcal-ช็อคลาวา S-พร้อมส่ง
18Kcal-มันม่วง S-พร้อมส่ง
18Kcal-มิกซ์เบอรี่ M-พร้อมส่ง
18Kcal-ช็อคชิพ S-พร้อมส่ง
18Kcal-18k เวย์ ช็อคโกแลต M-พร้อมส่ง
18Kcal-รวมรส(รวม4รสขายดี) M-พร้อมส่ง
18Kcal-มิกซ์เบอรี่ S-พร้อมส่ง
18Kcal-ดาร์กช็อคส้ม S-พร้อมส่ง
18Kcal-ช็อคลาวา M-พร้อมส่ง
18Kcal-กาแฟ M-พร้อมส่ง
18Kcal-ช็อคกล้วยลาวา M-พร้อมส่ง
18Kcal-ช็อคกล้วยลาวา S-พร้อมส่ง
18Kcal-ดาร์กช็อคส้ม M-พร้อมส่ง
18Kcal-18k เวย์ วนิลา M-พร้อมส่ง
18Kcal-ดับเบิ้ลช็อค M-พร้อมส่ง
18Kcal-ชาไทยลาวา S-พร้อมส่ง
18Kcal-ช็อคชิพ M-พร้อมส่ง
18Kcal-มันม่วง M-พร้อมส่ง
18Kcal-ข้าวโอ้ต M-พร้อมส่ง
18Kcal-ชาไทยลาวา M-พร้อมส่ง
18Kcal-ข้าวโอ้ต S-พร้อมส่ง
18Kcal-18k เวย์ วนิลา S-พร้อมส่ง
18Kcal-แบล็คฟอเรส M-พร้อมส่ง
18Kcal-18k Biscoff(บิสคอฟ) M-พร้อมส่ง
18Kcal-18k Biscoff(บิสคอฟ) S-พร้อมส่ง
18Kcal-กาแฟ S-พร้อมส่ง
18Kcal-18k เวย์ ช็อคโกแลต S-พร้อมส่ง
Leanlife-ขาไก่ เห็ด3ชนิดNew📍-พร้อมส่ง
Leanlife-ขาไก่ ช็อคโกแลต-พร้อมส่ง
Leanlife-ขาไก่ ฟักทอง เจ-พร้อมส่ง
Leanlife-ขาไก่ พิซซ่า-พร้อมส่ง
Leanlife-ขาไก่ บลูเบอรี่-พร้อมส่ง
Leanlife-ขาไก่ ชาโคลชีส-พร้อมส่ง
Leanlife-ขาไก่ ออริจินัล เจ-พร้อมส่ง
Leanlife-ขาไก่ กาแฟ-พร้อมส่ง
Leanlife-ขาไก่ ผักรวม6ชนิด📍-พร้อมส่ง
Leanlife-ขาไก่ กระเทียมNew📍-พร้อมส่ง
Leanlife-ขาไก่ วิงค์แซ่บ-พร้อมส่ง
Leanlife-ขาไก่ คอร์นชีส-พร้อมส่ง
Leanlife-ขาไก่ ซาวครีม-พร้อมส่ง
TF-อัลมอนด์ สมูท220g
TF-อัลมอนด์ สมูท120g
Leanlife-ช็อคเคลือบบลูเบอรี่-Pocko
Leanlife-ช็อคเคลือบเลม่อน-Pocko
Leanlife-ช็อคเคลือบมัทฉะ-Pocko
Leanlife-สตรอเบอรี่เคลือบช็อค-Pocko
Leanlife-ฟักทองเคลือบสตอเบอรี-Pocko
Leanlife-ช็อคมิ้นท์-Pocko
Leanlife-ช็อคเคลือบเอิรลเกรย์-Pocko
Leanlife-ช็อคเคลือบกาแฟ-Pocko
Leanlife-เคลือบพีช-Pocko
TF-ช็อค สมูท120g
TF-ช็อค สมูท220g
TF-ช็อค ครันชี่120g
TF-ช็อค ครันชี่220g
KM-คุกกี้ เนยถั่ว-พรี
KM-คุกกี้ คุกกี&ครีม-พรี
KM-คุกกี้ บานาน่า-พรี
KM-คุกกี้ กาแฟลาเต้-พรี
KM-คุกกี้ สตรอเบอรี่-พร้อมส่ง
KM-คุกกี้ ส้มช็อค-พร้อมส่ง
KM-คุกกี้ ช็อคบิสคอฟ-พร้อมส่ง
KM-คุกกี้ กาแฟบิสคอฟ-พร้อมส่ง
KM-คุกกี้ กาแฟบิสคอฟ-พรี
KM-คุกกี้ เมล่อนสตรอ-พร้อมส่ง
KM-คุกกี้ บานาน่า-พร้อมส่ง
KM-คุกกี้ ชาไทย-พร้อมส่ง
KM-คุกกี้ มันหวาน-พรี
KM-คุกกี้ เมลอนบิสคอฟ-พร้อมส่ง
KM-คุกกี้หยองสาหร่าย-พรี
KM-คุกกี้หยองพริกไทย-พรี
KM-คุกกี้ องุ่นแครน-พร้อมส่ง
KM-คุกกี้ ช็อคบิสคอฟ-พรี
KM-คุกกี้หยองพริกไทย-พร้อมส่ง
KM-คุกกี้ ชาไทย-พรี
KM-คุกกี้ มัทฉะ-พรี
KM-คุกกี้ คุกกี&ครีม-พร้อมส่ง
KM-คุกกี้ เมลอนบิสคอฟ-พรี
KM-คุกกี้ กาแฟลาเต้-พร้อมส่ง
KM-คุกกี้ สับปะรด-พรี
KM-คุกกี้ ช็อคโกแลต-พร้อมส่ง
KM-คุกกี้ เนยถั่ว-พร้อมส่ง
KM-คุกกี้ งาดำ-พร้อมส่ง
KM-คุกกี้ มันหวาน-พร้อมส่ง
KM-คุกกี้ สับปะรด-พร้อมส่ง
KM-คุกกี้ ไวท์ชอคแครน-พร้อมส่ง
KM-คุกกี้ สตรอเบอรี่-พรี
KM-คุกกี้ งาดำ-พรี
KM-คุกกี้วนิลาบลูเบอ-พร้อมส่ง
KM-คุกกี วนิลาบิสคอฟ-พร้อมส่ง
KM-คุกกี วนิลาบิสคอฟ-พรี
KM-คุกกี้ ส้มช็อค-พรี
KM-คุกกี้ เมล่อนสตรอ-พรี
KM-คุกกี้หยองสาหร่าย-พร้อมส่ง
KM-คุกกี้ องุ่นแครน-พรี
KM-คุกกี้ มัทฉะ-พร้อมส่ง
KM-คุกกี้ ไวท์ชอคแครน-พรี
KM-คุกกี้ ช็อคโกแลต-พรี
KM-คุกกี้วนิลาบลูเบอ-พรี
Leanlife-แซลมอนสลัดไข่ซีฟูด
Leanlife-ผักโขมชีส
Leanlife-อกไก่แฮมชีส เทาซัน
Leanlife-ฮาวาเอี้ยนครีมชีส
Leanlife-บานานาโตเกียวครีมชีส
Leanlife-ไก่หยองสลัด
Leanlife-แฮมชีสหยองซอสมะเขือ
Leanlife-ปูอัดแฮมไก่พิซซ่าชีส
Leanlife-ไก่พริกไทยดำครีมชีส
Leanlife-ไส้กรอกชีส
Leanlife-แฮม&เห็ดแชมปิยองชีส
Leanlife-แฮมแคนเบอรี่ครีมชีส
Leanlife-คัสตาร์ดวานิลา
Leanlife-ทูน่าซีฟูดทรัฟครีมชี
Leanlife-แซลมอนไวท์ซอสเลมอน
Leanlife-ใบเตยสังขยา
Leanlife-ส้มครีมชีส
Leanlife-งาดำไก่หยอง
Leanlife-ทูน่าทรัฟแครนครีมชีส
Leanlife-สตอครีม โยเกิร์ต
Leanlife-แซลมอนทูน่าทาร์ทาร์
Leanlife-สไปซี่แซลมอนเมนไทโกะ
Leanlife-ทูน่าทรัฟเฟิลชีส
Leanlife-เทอริยากิไก่ครีมชีส
Leanlife-บิสคอฟ ครีมโยเกิร์ต
Leanlife-แฮมชีสมาโย
Leanlife-ไก่หยองสตอเบอรี่
Leanlife-สตอเบอรี่เนยถั่วคลีน
Healthy-ไก่หยองHealthy baked-พร้อมส่ง
ขายดี-ทองม้วน รสดั้งเดิม-พร้อมส่ง
ขายดี-ทองม้วน รสสตรอเบอรี่-พร้อมส่ง
ขนมผิง-ผิง ใบเตย กระปุกใหญ่
ขนมผิง-ผิง งาดำ กระปุกใหญ่
ขนมผิง-ผิง ใบเตย กระปุกเล็ก
ขนมผิง-ผิง งาดำ กระปุกเล็ก
Sprouted-บราวนี่ ชาเขียว
Sprouted-บราวนี่ เรดเวลเวท
Sprouted-บราวนี่ กาแฟ
Sprouted-คุกกี้&ครีม ชีสเค้ก
Sprouted-คีโตบราวนี่
Sprouted-บราวนี่ ออริ
Orachorn-ชาไทย(🔶ไม่ชุบ)
Orachorn-ออริ(🔶ไม่ชุบ)
Orachorn-เลม่อน(มะนาว)ชุบไวท์
Orachorn-ชานมไต้หวันชุบไวท์
Orachorn-กาแฟชุบช็อค
Orachorn-มะพร้าวชุบไวท์ช็อค
Orachorn-บลูเบอรี่ชุบไวท์ช็อค
Orachorn-ใบเตยชุบไวท์ช็อค
Orachorn-เลม่อน(🔶ไม่ชุบ)
Orachorn-ส้ม(🔶ไม่ชุบ)
Orachorn-บลูเบอรี่(🔶ไม่ชุบ)
Orachorn-ชาเขียว+สตรอ🔶ไม่ชุบ
Orachorn-ชาเขียวชุบ+สตรอชุบ
Orachorn-กล้วยชุบช็อค
Orachorn-สตรอ+โกโก้(🔶ไม่ชุบ)
Orachorn-ลาบ(🔶ไม่ชุบ)
Orachorn-ส้มชุบช็อค
Orachorn-เมล่อนชุบช็อค
Orachorn-โกโก้ชุบไวท์ช็อค
Orachorn-ชาเขียวชุบชาเขียว
Orachorn-กาแฟชุบไวท์ New‼️
Orachorn-วาซาบิ(🔶ไม่ชุบ)
Orachorn-โกโก้ชุบสตรอ New‼️
Orachorn-โกโก้ชุบดาร์กช้อค
Orachorn-ต้มยำ(🔶ไม่ชุบ)
Orachorn-สาหร่าย(🔶ไม่ชุบ)
Orachorn-ออริชุบช็อค
Orachorn-ชาไทยชุบช็อค
Orachorn-โกโก้(🔶ไม่ชุบ)
Orachorn-สตรอ(🔶ไม่ชุบ)
Orachorn-ใบเตย(🔶ไม่ชุบ)
Orachorn-กล้วย+โกโก้(🔶ไม่ชุบ
Orachorn-กาแฟ(🔶ไม่ชุบ)
Orachorn-สตรอเบอรี่ชุบช็อค
Orachorn-สตรอเบอรี่ชุบสตรอ
Orachorn-สตรอชุบไวท์ New‼️
Orachorn-220gเลม่อน(🔶ไม่ชุบ)-พรี
Orachorn-220gมะพร้าว(🔶ไม่ชุบ)-พรี
Orachorn-220gสตรอชุบไวท์ New‼️-พรี
Orachorn-220gออริชุบช็อค-พรี
Orachorn-220gโกโก้(🔶ไม่ชุบ)-พรี
Orachorn-220gบลูเบอรี่(🔶ไม่ชุบ)-พรี
Orachorn-220gส้มชุบช็อค-พรี
Orachorn-220gกล้วย+โกโก้(🔶ไม่ชุบ-พรี
Orachorn-220gเขียว+สตรอ(🔶ไม่ชุบ)-พรี
Orachorn-220gสตรอ+โกโก้(🔶ไม่ชุบ)-พรี
Orachorn-220gออริ(🔶ไม่ชุบ)-พรี
Orachorn-220gเมล่อน(🔶ไม่ชุบ)-พรี
Orachorn-220gกาแฟชุบช็อค-พรี
Orachorn-220gชานมไต้หวันชุบไวท์-พรี
Orachorn-220gสตรอเบอรี่ชุบช็อค-พรี
Orachorn-220gกาแฟชุบไวท์ New‼️-พรี
Orachorn-220gบลูเบอรี่ชุบไวท์-พรี
Orachorn-220gกาแฟ(🔶ไม่ชุบ)-พรี
Orachorn-220gชาเขียวชุบ+สตรอชุบ-พรี
Orachorn-220gวาซาบิ(🔶ไม่ชุบ)-พรี
Orachorn-220gโกโก้ชุบสตรอ New‼️-พรี
Orachorn-220gเมล่อนชุบช็อค-พรี
Orachorn-220gกล้วย(🔶ไม่ชุบ)-พรี
Orachorn-220gใบเตยชุบไวท์-พรี
Orachorn-220gสาหร่าย(🔶ไม่ชุบ)-พรี
Orachorn-220gต้มยำ(🔶ไม่ชุบ)-พรี
Orachorn-220gสตรอเบอรี่ชุบสตรอ-พรี
Orachorn-220gส้ม(🔶ไม่ชุบ)-พรี
Orachorn-220gมะพร้าวชุบไวท์-พรี
Orachorn-220gชาไทยชุบช็อค-พรี
Orachorn-220gชาเขียวชุบชาเขียว-พรี
Orachorn-220gเลม่อนชุบไวท์ New‼️-พรี
Orachorn-220gกล้วยชุบช็อค-พรี
Orachorn-220gชานมไต้หวัน(🔶ไม่ชุบ-พรี
Orachorn-220gสตรอเบอรี่(🔶ไม่ชุบ)-พรี
Orachorn-220gใบเตย(🔶ไม่ชุบ)-พรี
Orachorn-220gโกโก้ชุบช็อค-พรี
Orachorn-220gโกโก้ชุบไวท์-พรี
Orachorn-220gชาไทย(🔶ไม่ชุบ)-พรี
Orachorn-220gลาบ(🔶ไม่ชุบ)-พรี
Orachorn-220gชาเขียว(🔶ไม่ชุบ)-พรี
Orachorn-ชาเขียว(เม็ดมะม่วง)-พรี
Orachorn-มะพร้าว(เม็ดมะม่วง)-แบบพร้อมส่ง
Orachorn-กาแฟ(เม็ดมะม่วง)-พรี
Orachorn-โกโก้(เม็ดมะม่วง)-พรี
Orachorn-มะม่วง(เม็ดมะม่วง)-พรี
Orachorn-รสเนยถั่ว(เม็ดมะม่วง)-พรี
Orachorn-ไวท์ช็อค(เม็ดมะม่วง)-พรี
Orachorn-คาราเมล(เม็ดมะม่วง)-พรี
Orachorn-ฮอกไกโด(เม็ดมะม่วง)-พร้อมส่ง
Orachorn-ชาเขียว(เม็ดมะม่วง)-แบบพร้อมส่ง
Orachorn-โอวัลติน(เม็ดมะม่วง)-แบบพร้อมส่ง
Orachorn-เผือก(เม็ดมะม่วง)-พรี
Orachorn-บลูเบอรี(เม็ดมะม่วง)-พรี
Orachorn-ใบเตย(เม็ดมะม่วง)-พรี
Orachorn-ชาไทย(เม็ดมะม่วง)-แบบพร้อมส่ง
Orachorn-เลมอน(เม็ดมะม่วง)-แบบพร้อมส่ง
Orachorn-ใบเตย(เม็ดมะม่วง)-แบบพร้อมส่ง
Orachorn-โกโก้(เม็ดมะม่วง)-แบบพร้อมส่ง
Orachorn-ทุเรียน(เม็ดมะม่วง)-พรี
Orachorn-สตรอ(เม็ดมะม่วง)-พรี
Orachorn-กล้วย(เม็ดมะม่วง)-แบบพร้อมส่ง
Orachorn-ชาไทย(เม็ดมะม่วง)-พรี
Orachorn-เผือก(เม็ดมะม่วง)-แบบพร้อมส่ง
Orachorn-ออริ(เม็ดมะม่วง)-แบบพร้อมส่ง
Orachorn-ทุเรียน(เม็ดมะม่วง)-แบบพร้อมส่ง
Orachorn-บลูเบอรี(เม็ดมะม่วง)-พร้อมส่ง
Orachorn-ออริ(เม็ดมะม่วง)-พรี
Orachorn-โอวัลติน(เม็ดมะม่วง)-พรี
Orachorn-ฮอกไกโด(เม็ดมะม่วง)-พรี
Orachorn-กล้วย(เม็ดมะม่วง)-พรี
Orachorn-ไวท์ช็อค(เม็ดมะม่วง)-แบบพร้อมส่ง
Orachorn-สตรอ(เม็ดมะม่วง)-แบบพร้อมส่ง
Orachorn-คาราเมล(เม็ดมะม่วง)-แบบพร้อมส่ง
Orachorn-เลมอน(เม็ดมะม่วง)-พรี
Orachorn-กาแฟ(เม็ดมะม่วง)-แบบพร้อมส่ง
Orachorn-รสเนยถั่ว(เม็ดมะม่วง)-พร้อมส่ง
Orachorn-มะม่วง(เม็ดมะม่วง)-แบบพร้อมส่ง
Orachorn-มะพร้าว(เม็ดมะม่วง)-พรี
Peko-ไมโล-พร้อมส่ง
Peko-ฟักทองข้าวโพด-พร้อมส่ง
Peko-ชากุหลาบ-พรี
Peko-โคโค่นัท&มอลต์-พรี
Peko-ผักโขม&เกลือ-พร้อมส่ง
Peko-โฮจิฉะ&งาดำ-พร้อมส่ง
Peko-ไมโล-พรี
Peko-ผักโขม&เกลือ-พรี
Peko-โคโค่นัท&มอลต์-พร้อมส่ง
Peko-ดาร์กช็อคคาเคา-พรี
Peko-ไก่หยองแซ่บ-พรี
Peko-ฟักทองข้าวโพด-พรี
Peko-ดาร์กช็อคคาเคา-พร้อมส่ง
Peko-ชาเอิร์ลเกย์-พรี
Peko-ชากุหลาบ-พร้อมส่ง
Peko-ไก่หยองแซ่บ-พร้อมส่ง
Peko-ชาเอิร์ลเกย์-พร้อมส่ง
Peko-โฮจิฉะ&งาดำ-พรี
Peko-ชาเก็นไมฉะ-พร้อมส่ง
Peko-ชาเก็นไมฉะ-พรี
Leanlife-ไบท์ ทูโทนมัทฉะ+กาแฟ-พร้อมส่ง
Leanlife-ไบท์ คอร์นชีส-พร้อมส่ง
Leanlife-ไบท์ นมฮอกไกโด-พร้อมส่ง
Leanlife-ไบท์ ทูโทนชอค+เนยถั่-พร้อมส่ง
Leanlife-ไบท์ เอสเปรสโซ่ชิพ-พร้อมส่ง
Leanlife-ทรีโทน-พร้อมส่ง
Leanlife-ไบท์ มัทฉะช็อคชิพ-พร้อมส่ง
Leanlife-ไบท์ วานิลาแครน-พร้อมส่ง
Leanlife-ไบท์ โฮจิฉะอัลมอนด์-พร้อมส่ง
Leanlife-รวมรส-พร้อมส่ง
Leanlife-ไบท์ ทูโทนนมฮอก+ชมพู-พร้อมส่ง
Leanlife-ไบท์ บลูเบอรี่แครน-พร้อมส่ง
Leanlife-ไบท์ ชาไทยช็อคชิพ-พร้อมส่ง
Leanlife-ไบท์ สตรออัลมอนแครน-พร้อมส่ง
Leanlife-ไบท์ พีช-พร้อมส่ง
Leanlife-ไบท์ ช็อคโกแลตอัลมอน-พร้อมส่ง
Leanlife-ไบท์ คุกกี้&ครีม-พร้อมส่ง
Heaven8-LC เผือกมันม่วง-พรี
Heaven8-LC Orange เจ-พรี
Heaven8-LC Chicken corn soup-พรี
Heaven8-LCลาบไก่หยอง-แบบพร้อมส่ง
Heaven8-LC วนิลาช็อคชิพ-พรี
Heaven8-ปันขลิบ สับปะรดโกโก้-แบบพร้อมส่ง
Heaven8-LCดาร์คช็อค เจ-พรี
Heaven8-LCไข่เค็ม-พรี
Heaven8-LC Orange&Choc-พรี
Heaven8-LCซุปข้าวโพด เจ-แบบพร้อมส่ง
Heaven8-LCถั่วเค็มไก่หยอง-แบบพร้อมส่ง
Heaven8-LCซุปข้าวโพด เจ-พรี
Heaven8-LC Chick corn soup-พรี
Heaven8-ปั้นขลิบ สับปะรด เจ-พรี
Heaven8-ปันขลิบอินทผลัมโกโก้-แบบพร้อมส่ง
Heaven8-LC Pinkmilk&Choc-พร้อมส่ง
Heaven8-LC Espresso เจ-แบบพร้อมส่ง
Heaven8-ปันขลิบ🐔หยองปาปิก้า-พรี
Heaven8-LCบลูเบอรี่ เจ-แบบพร้อมส่ง
Heaven8-ปันขลิบ🐔หยองหม่าล่า-พรี
Heaven8-LC วนิลาช็อคชิพ-แบบพร้อมส่ง
Heaven8-ปันขลิบ🐔หยองสาหร่าย-พรี
Heaven8-ปั้นขลิบ อินทผลัม เจ-พรี
Heaven8-LC StrawberryMilk เจ-พรี
Heaven8-LCชีสไก่หยอง-พรี
Heaven8-LC Espresso เจ-พรี
Heaven8-ปันขลิบ🐔หยองสาหร่าย-แบบพร้อมส่ง
Heaven8-LCงาดำ เจ-พรี
Heaven8-LCลาบไก่หยอง-พรี
Heaven8-LC Chicken corn soup-แบบพร้อมส่ง
Heaven8-LC Chick corn soup-พร้อมส่ง
Heaven8-LCดาร์คช็อค เจ-แบบพร้อมส่ง
Heaven8-ปันขลิบ ทูน่าทรงเครื-แบบพร้อมส่ง
Heaven8-LC Chick paprika-พร้อมส่ง
Heaven8-LC Orange&Choc-พร้อมส่ง
Heaven8-ปันขลิบ🐔หยองหม่าล่า-แบบพร้อมส่ง
Heaven8-LC sweet&Sour-พร้อมส่ง
Heaven8-LCแครนเบอรี่ เจ-แบบพร้อมส่ง
Heaven8-LC sweet&Sour-พรี
Heaven8-LCออริจินัล เจ-พรี
Heaven8-LC Chick paprika-พรี
Heaven8-LCไข่เค็ม-แบบพร้อมส่ง
Heaven8-LCพริกเผาไก่หยอง-แบบพร้อมส่ง
Heaven8-ปันขลิบ🐔หยองปาปิก้า-แบบพร้อมส่ง
Heaven8-LC Orange เจ-แบบพร้อมส่ง
Heaven8-LCแครนเบอรี่ เจ-พรี
Heaven8-LCโนริสาหร่าย-แบบพร้อมส่ง
Heaven8-LCซุปเห็ด เจ-แบบพร้อมส่ง
Heaven8-ปั้นขลิบ อินทผลัม เจ-แบบพร้อมส่ง
Heaven8-LC Pinkmilk&Choc-พรี
Heaven8-LC StrawberryMilk เจ-แบบพร้อมส่ง
Heaven8-ปั้นขลิบ สับปะรด เจ-แบบพร้อมส่ง
Heaven8-LCงาดำ เจ-แบบพร้อมส่ง
Heaven8-ปันขลิบ🐔หยองพริกเผา-พรี
Heaven8-LC Coffee&Choc-พรี
Heaven8-LCโนริสาหร่าย-พรี
Heaven8-ปันขลิบอินทผลัมโกโก้-พรี
Heaven8-LCออริจินัล เจ-แบบพร้อมส่ง
Heaven8-LCพริกเผาไก่หยอง-พรี
Heaven8-ปันขลิบ ทูน่าทรงเครื-พรี
Heaven8-LCบลูเบอรี่ เจ-พรี
Heaven8-LC Coffee&Choc-พร้อมส่ง
Heaven8-ปันขลิบ สับปะรดโกโก้-พรี
Heaven8-LCถั่วเค็มไก่หยอง-พรี
Heaven8-LCซุปเห็ด เจ-พรี
Heaven8-LCชีสไก่หยอง-แบบพร้อมส่ง
Heaven8-LC เผือกมันม่วง-แบบพร้อมส่ง
Heaven8-ปันขลิบ🐔หยองพริกเผา-แบบพร้อมส่ง
คอร์นเฟลกคาร-คอร์นเฟลก-พร้อมส่ง
Orachorn-ชิพฟ่อน ช็อค-พร้อมส่ง
Orachorn-ชิพฟ่อน ใบเตย-พร้อมส่ง
Orachorn-โดนัทถั่วขาว156แคล-พร้อมส่ง
Orachorn-ชิพฟ่อน ชาไทย-พร้อมส่ง
Sprouted-คาราเมลเครื่องเทศ
Sprouted-เรดเวลเวทไส้ครีมชีส
Sprouted-ชาเขียวมัทฉะ
Sprouted-ช็อคสอดไส้ครีม
Sprouted-ช็อคสอดไส้มิ้นท์
Sprouted-ช็อคมอลท์
Sprouted-คุกกี้แซนวิช รวมรส
Sprouted-โฮจิฉะงาขาว
Sprouted-คาเคานิบส์ไส้ช็อค
Sprouted-วนิลาคาเคาไส้เนยถั่ว
Eatthis-พาวเวอร์บอล-พร้อมส่ง
Heaven8-พัฟฟี่ ไก่หยองสลัด-พร้อมส่ง
Heaven8-พัฟฟี ไก่หยองพริกเผา-พร้อมส่ง
Heaven8-พรีพัฟฟี่รสอื่น📌แชท-พร้อมส่ง
Heaven8-พัฟฟี่ ไก่หยองผักโขม-พรี
Heaven8-เค้กข้าว หยองผักโขม-พร้อมส่ง
Heaven8-พัฟฟี ไก่หยองสาหร่าย-พรี
Heaven8-เค้กข้าวchoco banana-พรี
Heaven8-เค้กข้าว ช็อคชาไทย-พรี
Heaven8-เค้กข้าว ช็อคชาไทย-พร้อมส่ง
Heaven8-เค้กข้าว ดาร์กช็อค-พร้อมส่ง
Heaven8-เค้กข้าว ใบเตยไก่หยอ-พร้อมส่ง
Heaven8-พัฟฟี่ นามะช็อค-พรี
Heaven8-พัฟฟี่ ไก่หยองงาดำ-พร้อมส่ง
Heaven8-พัฟฟี่ สตรอเบอรี่-พร้อมส่ง
Heaven8-พัฟฟี่ ช็อคกล้วย-พรี
Heaven8-พัฟฟี่ ไก่หยองซอสส้ม-พรี
Heaven8-เค้กข้าว หยองไข่เค็ม-พร้อมส่ง
Heaven8-พัฟฟี่ ไก่หยองงาดำ-พรี
Heaven8-พัฟฟี่ ไก่หยองเบอรี่-พรี
Heaven8-พรีพัฟฟี่รสอื่น📌แชท-พรี
Heaven8-เคกข้าวทูนาทรงเครือง-พร้อมส่ง
Heaven8-เค้กข้าว บลูเบอรี่-พรี
Heaven8-พัฟฟี ไก่หยองสาหร่าย-พร้อมส่ง
Heaven8-พัฟฟี่ บลูเบอรี่-พร้อมส่ง
Heaven8-พัฟฟี ไก่หยองไข่เค็ม-พรี
Heaven8-พรีเคกข้าวรสอืน📌แชท-พร้อมส่ง
Heaven8-พัฟฟี่ ไก่หยองผักโขม-พร้อมส่ง
Heaven8-เค้กข้าว ใบเตยไก่หยอ-พรี
Heaven8-พัฟฟี ไก่หยองโคชูจัง-พรี
Heaven8-พัฟฟี่ ช็อคกล้วย-พร้อมส่ง
Heaven8-เค้กข้าวchoco banana-พร้อมส่ง
Heaven8-เค้กข้าว งาดำ-พร้อมส่ง
Heaven8-พรีเคกข้าวรสอืน📌แชท-พรี
Heaven8-เค้กข้าว ดาร์กช็อค-พรี
Heaven8-พัฟฟีถั่วเค็มไก่หยอง-พรี
Heaven8-เคกข้าวทูนาทรงเครือง-พรี
Heaven8-เค้กข้าว หยองไข่เค็ม-พรี
Heaven8-เค้กข้าว บลูเบอรี่-พร้อมส่ง
Heaven8-พัฟฟีถั่วเค็มไก่หยอง-พร้อมส่ง
Heaven8-พัฟฟี่ สตรอเบอรี่-พรี
Heaven8-เค้กข้าว งาดำ-พรี
Heaven8-พัฟฟี ไก่หยองโคชูจัง-พร้อมส่ง
Heaven8-เค้กข้าว หยองผักโขม-พรี
Heaven8-พัฟฟี่ นามะช็อค-พร้อมส่ง
Heaven8-พัฟฟี่ ไก่หยองเกาหลี-พรี
Heaven8-พัฟฟี่ ไก่หยองสลัด-พรี
Heaven8-พัฟฟี่ ไก่หยองเกาหลี-พร้อมส่ง
Heaven8-พัฟฟี่ ไก่หยองซอสส้ม-พร้อมส่ง
Heaven8-พัฟฟี ไก่หยองพริกเผา-พรี
Heaven8-พัฟฟี่ บลูเบอรี่-พรี
Heaven8-พัฟฟี่ ไก่หยองเบอรี่-พร้อมส่ง
Heaven8-พัฟฟี ไก่หยองไข่เค็ม-พร้อมส่ง
Orachorn-ไข่กรอบ ใบเตย-พรี
Orachorn-ไข่กรอบ สตรอเบอรี่-พรี
Orachorn-Moonbite พาเมซานชีส-พรี
Orachorn-Moonbite คาราเมล-พรี
Orachorn-Moonbite พาเมซานชีส-แบบพร้อมส่ง
Orachorn-ไข่กรอบ สตรอเบอรี่-แบบพร้อมส่ง
Orachorn-ไข่กรอบ โกโก้-พรี
Orachorn-ไข่กรอบ โกโก้-แบบพร้อมส่ง
Orachorn-ไข่กรอบ ไวท์ช็อค-แบบพร้อมส่ง
Orachorn-ไข่กรอบ ออริจินัล-แบบพร้อมส่ง
Orachorn-ไข่กรอบ โอวัลติน-พรี
Orachorn-ไข่กรอบ ใบเตย-แบบพร้อมส่ง
Orachorn-ไข่กรอบ ออริจินัล-พรี
Orachorn-ไข่กรอบ โอวัลติน-แบบพร้อมส่ง
Orachorn-Moonbite คาราเมล-แบบพร้อมส่ง
Orachorn-ไข่กรอบ กาแฟ-แบบพร้อมส่ง
Orachorn-ไข่กรอบ ไวท์ช็อค-พรี
Orachorn-ไข่กรอบ กาแฟ-พรี
Carechoice-โจ๊กธัญพืช8ชนิด
Carechoice-โจ๊กไก่+เห็ดหูหนู
Carechoice-โจ๊กหอมมะลิกลมกล่อม
Carechoice-โจ๊กไรซ์ซุปอร่อย
Carechoice-โจ๊กข้าวโอ๊ตซุปอร่อย
Carechoice-โจ๊กเห็ดหอม+สาหร่าย
Peko-Bagel Choc Crunchy-พร้อมส่ง
Peko-Bagel Matcha Choc-พรี
Peko-mi งาคั่ว(ไม่โรยงา)-พรี
Peko-mi น้ำพริกอกไก่กรอบ-พร้อมส่ง
Peko-Bagel Plain-พร้อมส่ง
Peko-Bagel Choc Crunchy-พรี
Peko-Bagel Plain Berry-พรี
Peko-miyongไก่หยองพริกเผา-พร้อมส่ง
Peko-Mi เผือกไก่หยอง-พร้อมส่ง
Peko-miyongไก่หยองพริกเผา-พรี
Peko-mi น้ำพริกอกไก่กรอบ-พรี
Peko-miyongไก่หยองชีส-พรี
Peko-Bagel Plain Berry-พร้อมส่ง
Peko-miyongซอสงาคั่วสไปซี-พร้อมส่ง
Peko-Corndog หยองมันหวาน-พร้อมส่ง
Peko-Corndog หยองมันหวาน-พรี
Peko-Bagel Spinach Cheese-พร้อมส่ง
Peko-miyongไก่หยองสาหร่าย-พร้อมส่ง
Peko-miyongแครนเบอรี่-พร้อมส่ง
Peko-Bagel Spinach Cheese-พรี
Peko-miyongไก่หยองชีส-พร้อมส่ง
Peko-miyongไก่หยองสาหร่าย-พรี
Peko-Bagel Plain-พรี
Peko-Mi เผือกไก่หยอง-พรี
Peko-Bagel Matcha Choc-พร้อมส่ง
Peko-mi งาคั่ว(ไม่โรยงา)-พร้อมส่ง
Peko-miyongแครนเบอรี่-พรี
Peko-miyongซอสงาคั่วสไปซี-พรี
Heaven8-แบล็คเคอแรนท์-พร้อมส่ง
Heaven8-Whey ไก่หยองสาหร่าย-พร้อมส่ง
Heaven8-โคโค่นัทชิพ-พร้อมส่ง
Heaven8-Corn soup ‼️new-พร้อมส่ง
Heaven8-ออริจินัล-พรี
Heaven8-โกโก้-พร้อมส่ง
Heaven8-ไก่หยองพริกเผาลีน-พรี
Heaven8-ไก่หยองพริกเผาลีน-พร้อมส่ง
Heaven8-โกโก้-พรี
Heaven8-ลาเต้คอฟฟี่-พรี
Heaven8-ออริจินัล-พร้อมส่ง
Heaven8-สตรอเบอรี่ช็อคชิพ-พร้อมส่ง
Heaven8-แบล็คเคอแรนท์-พรี
Heaven8-ชาไทย-พร้อมส่ง
Heaven8-สตรอเบอรี่มิลค์-พรี
Heaven8-โคโค่นัทชิพ-พรี
Heaven8-สตรอเบอรี่ช็อคชิพ-พรี
Heaven8-Corn soup ‼️new-พรี
Heaven8-ชาไทย-พรี
Heaven8-ลาเต้คอฟฟี่-พร้อมส่ง
Heaven8-สตรอเบอรี่มิลค์-พร้อมส่ง
Heaven8-Whey ไก่หยองสาหร่าย-พรี
LeanChan-จันจ๋า มันม่วงไข่เค็-พร้อมส่ง
LeanChan-จันจ๋า หยองปลาคัตสึโ-พร้อมส่ง
LeanChan-จันจ๋า หยองสาหร่าย-พร้อมส่ง
LeanChan-จันจ๋า ไก่หยอง-พร้อมส่ง
LeanChan-จันจ๋าหยองเนยกะเทียม-พร้อมส่ง
LeanChan-จันจ๋า หยองสลัดงา-พร้อมส่ง
LeanChan-จันจ๋า หยองสลัดโบราณ-พร้อมส่ง
LeanChan-จันจ๋า เผือกหอม-พร้อมส่ง
LeanChan-จันจ๋า เผือกลูกชิด-พร้อมส่ง
LeanChan-หยองโคชูจัง+หม่าล่า-พร้อมส่ง
LeanChan-จันจ๋า หยองพิซซ่า-พร้อมส่ง
LeanChan-จันจ๋า หยองปาปิก้า-พร้อมส่ง
LeanChan-จันจ๋า ฟักทอง-พร้อมส่ง
LeanChan-จันจ๋า นามะช็อค-พร้อมส่ง
LeanChan-จันจ๋า หยองเนยสดงา-พร้อมส่ง
LeanChan-จันจ๋า ช็อคถั่วแดง-พร้อมส่ง
LeanChan-จันจ๋า ฟักทองมันหวาน-พร้อมส่ง
LeanChan-จันจ๋าหยองมันเทศโบรา-พร้อมส่ง
LeanChan-จันจ๋า มันม่วง-พร้อมส่ง
LeanChan-เผือกถั่วแดงหยอง-พร้อมส่ง
LeanChan-จันจ๋า หยองป๊อบอาย-พร้อมส่ง
LeanChan-จันจ๋า หยองไข่เค็ม-พร้อมส่ง
LeanChan-จันจ๋า หยองพริกเผา-พร้อมส่ง
LeanChan-จันจ๋า ถั่วแดง-พร้อมส่ง
LeanChan-จันจ๋า เผือกถั่วแดง-พร้อมส่ง
LeanChan-จันจ๋า ไก่หยองงาดำ-พร้อมส่ง
LeanChan-จันจ๋า เผือกไข่เค็ม-พร้อมส่ง
LeanChan-จันจ๋า หยองโคชูจัง-พร้อมส่ง
LeanChan-จันจ๋า ไก่หยองBBQ-พร้อมส่ง
LeanChan-จันจ๋า ช็อคส้ม-พร้อมส่ง
LeanChan-จันจ๋า มันม่วงลูกชิด-พร้อมส่ง
LeanChan-เปียะหยองหร่าย+คัตสึ-พร้อมส่ง
LeanChan-เปี๊ยะ หยองวิงแซ่บ-พร้อมส่ง
LeanChan-เปี๊ยะ หยองปลาคัตสึโ-พร้อมส่ง
LeanChan-เปี๊ยะ ไก่หยองสลัด-พร้อมส่ง
LeanChan-เปี๊ยะ ไก่หยองBBQ-พร้อมส่ง
LeanChan-เปี๊ยะ หยองพิซซ่าL@C-พร้อมส่ง
LeanChan-เปี๊ยะ หยองทรัฟเฟิล-พร้อมส่ง
LeanChan-เปี๊ยะ ไก่หยอง-พร้อมส่ง
LeanChan-เปี๊ยะ หยองพริกเผา-พร้อมส่ง
LeanChan-เปี๊ยะ หยองสาหร่าย-พร้อมส่ง
Carechoice-โจ๊ก เนื้อสัตว์รวม
Carechoice-โจ๊กข้าวหอมมะลิ เด็ก
Carechoice-โจ๊ก ปลาแมค+ผัก+ตับ
Carechoice-โจ๊ก ตับ+วากาเมะ
Carechoice-โจ๊ก ซิว+เคล+ตับ
Carechoice-โจ๊ก ทูน่า+ผัก+ตับ
Carechoice-โจ๊ก ผักรวม7สี
Carechoice-โจ๊กตับ+ป.แพนกาเซียส
Carechoice-โจ๊ก ผัก+ตับ+ไก่
Carechoice-โจ๊ก วากาเมะ+เคล+ตับ
Carechoice-โจ๊ก ผสม8เซียน
Carechoice-โจ๊ก ผสมตำลึง
Carechoice-โจ๊ก ผสมผักโขม
Healthy-มัทฉะ(หมอใหม่)-พร้อมส่ง
Healthy-กาแฟ(หมอใหม่)-พร้อมส่ง
Healthy-ออริจินัล(หมอใหม่)-พร้อมส่ง
Healthy-มันม่วง(หมอใหม่)-พร้อมส่ง
Healthy-ช็อคโกแลต(หมอใหม่)-พร้อมส่ง
Healthy-รวมรส(หมอใหม่)-พร้อมส่ง
Orachorn-แป้งออริ ไส้เผือก-พร้อมส่ง
Orachorn-แป้งช็อคไส้มิกเบอรี่-พร้อมส่ง
Orachorn-ไส้ผลไม้รวม-พร้อมส่ง
Orachorn-แป้งไรซ์ไส้ไวท์ช็อค-พร้อมส่ง
Orachorn-แป้งออริ ไส้ไวท์ช็อค-พร้อมส่ง
Orachorn-บันหมูหยอง-พร้อมส่ง
Orachorn-แป้งมินท์ ไส้เสาวรส-พร้อมส่ง
Orachorn-แป้งมินท์ บลูเบอรี่-พร้อมส่ง
Orachorn-ไส้ไก่หยองผสมถั่วขาว-พร้อมส่ง
Orachorn-บันแป้งช็อคธัญพืช เจ-พร้อมส่ง
Orachorn-แป้งมินท์ ไส้กีวี่-พร้อมส่ง
Orachorn-แป้งช็อคไส้ไวท์ช็อค-พร้อมส่ง
Orachorn-โกโก้กล้วยช็อคชิพ-พร้อมส่ง
Orachorn-แป้งไรย์ ไส้ไก่หยอง-พร้อมส่ง
Orachorn-แป้งมินท์ ไส้ลูกเกด-พร้อมส่ง
Orachorn-กล้วยช็อคอัลมอน-พร้อมส่ง
Orachorn-บันไก่หยอง-พร้อมส่ง
Orachorn-ไวท์ช็อคพีช-พร้อมส่ง
Orachorn-ไส้สตรอเบอรี่-พร้อมส่ง
Orachorn-บันไก่หยองกระเทียม-พร้อมส่ง
Orachorn-แป้งส้ม ไส้เผือก-พร้อมส่ง
Orachorn-กาแฟอัลมอนด์-พร้อมส่ง
Orachorn-บันหมูหยองพริกเผา-พร้อมส่ง
Orachorn-ไส้ดาร์กช็อค-พร้อมส่ง
Orachorn-แป้งไรซเบอรี่ไส้ช็อค-พร้อมส่ง
Orachorn-ชาเขียวถั่วแดง-พร้อมส่ง
Orachorn-แป้งไรซ์ไส้ชินนาม่อน-พร้อมส่ง
Orachorn-บันถั่วขาว+เผือก-พร้อมส่ง
Orachorn-แป้งไรย์ ไส้หมูหยอง-พร้อมส่ง
Orachorn-ไส้ส้มแมนดาริน (เจ)-พร้อมส่ง
Orachorn-บัน ไส้งาดำ(เจ)-พร้อมส่ง
Orachorn-ไส้บลูเบอรี่(เจ)-พร้อมส่ง
Orachorn-อกไก่มอสซาเรลล่าชีส-พร้อมส่ง
Orachorn-แป้งเมลอนไส้ไวท์ช็อค-พร้อมส่ง
Orachorn-แป้งไรซเบอรี่ไส้ไมโล-พร้อมส่ง
Orachorn-ไส้มอคค่า-พร้อมส่ง
Orachorn-แป้งสตรอไส้ช็อคลาวา-พร้อมส่ง
Orachorn-ไส้กีวี่ (เจ)-พร้อมส่ง
Orachorn-บันแป้งออริธัญพืช เจ-พร้อมส่ง
Orachorn-ลูกเกด-พร้อมส่ง
Orachorn-แป้งมินท์ ไส้สตรอ-พร้อมส่ง
Orachorn-แป้งดาร์กไรย์ กีวี่-พร้อมส่ง
Orachorn-ไส้เสาวรส(เจ)-พร้อมส่ง
LeanChan-📌ธัญพืช New📌-แบบพร้อมส่ง
LeanChan-รวม ชาเขียว+เม็ดมะม่-แบบพร้อมส่ง
LeanChan-กาแฟ1กระปุก-แบบพร้อมส่ง
LeanChan-โอ้ตช็อคชิพ1กระปุก-แบบพร้อมส่ง
LeanChan-ชาเขียว1กระปุก-แบบพร้อมส่ง
LeanChan-รวม ช็อคชิพ+ลูกเกด-แบบพร้อมส่ง
LeanChan-รวม กระเทียม+ไก่หยอง-แบบพร้อมส่ง
LeanChan-โอ้ตกระเทียม1กระปุก-แบบพร้อมส่ง
LeanChan-รวม ชาไทย+กาแฟ-แบบพร้อมส่ง
LeanChan-รวม โอ้ต+ช็อค1กระปุก-แบบพร้อมส่ง
LeanChan-รวม โอ้ต+เม็ดมะม่วง-แบบพร้อมส่ง
LeanChan-โอ้ตไก่หยอง1กระปุก-แบบพร้อมส่ง
LeanChan-โอ้ตลูกเกด1กระปุก-แบบพร้อมส่ง
LeanChan-ชาไทย1กระปุก-แบบพร้อมส่ง
LeanChan-เม็ดมะม่วง1กระปุก-แบบพร้อมส่ง
LeanChan-ข้าวโอ้ต1กระปุก-แบบพร้อมส่ง
LeanChan-ช็อคโกแลต1กระปุก-แบบพร้อมส่ง
ครัวหมี-โอวันตินเนยถั่ว-พร้อมส่ง
ครัวหมี-มันม่วงโอกินาว่า-พร้อมส่ง
ครัวหมี-คุกกี้งาดำ (เจ)-พร้อมส่ง
ครัวหมี-ชานมไต้หวัน (เจ)-พร้อมส่ง
ครัวหมี-คุกกี้ไข่เค็ม-พร้อมส่ง
ครัวหมี-คุกกี้กาแฟโกปี๊-พร้อมส่ง
ครัวหมี-โอ๊ตมีล (เจ)-พร้อมส่ง
ครัวหมี-สตรอเบอรี่รสพิเศษ-พร้อมส่ง
ครัวหมี-คุกกี้บีทรูท-พร้อมส่ง
ครัวหมี-คุกกี้ดาร์คช็อค-พร้อมส่ง
ครัวหมี-ไก่หยองทรงเครื่อง-พร้อมส่ง
Healthy-แป้งช็อค สับปะรด เจ-พรี
Healthy-พัฟหนอน ไส้มังคุดNew-พร้อมส่ง
Healthy-แป้งช็อค ไส้สตรอ เจ-พร้อมส่ง
Healthy-แป้งช็อค ไส้สตรอ เจ-พรี
Healthy-แป้งใบเตย ไส้สตรอ เจ-พร้อมส่ง
Healthy-แป้งไรซ์ ไส้มังคุด-พร้อมส่ง
Healthy-พัฟหนอน ไก่หยอง-พร้อมส่ง
Healthy-แป้งแครอท สับปะรด เจ-พรี
Healthy-พัฟหนอน หยองพริกเผา-พร้อมส่ง
Healthy-แป้งแครอท สับปะรด เจ-พร้อมส่ง
Healthy-แป้งใบเตย ไส้สตรอ เจ-พรี
Healthy-พัฟหนอน สตรอเบอรี่-พร้อมส่ง
Healthy-แป้งไรซ์ ไส้ไก่หยอง-พร้อมส่ง
Healthy-พัฟหนอน สับปะรด-พร้อมส่ง
Healthy-พัฟหนอน ไก่หยอง-พรี
Healthy-พัฟหนอน ไส้มังคุดNew-พรี
Healthy-พัฟหนอน หยองสาหร่าย-พร้อมส่ง
Healthy-แป้งไรซ์ หยองพริกเผา-พร้อมส่ง
Healthy-แป้งไรซ์ ไส้ไก่หยอง-พรี
Healthy-แป้งไรซ์ ไส้สตรอ เจ-พร้อมส่ง
Healthy-พัฟหนอน หยองหม่าล่า-พร้อมส่ง
Healthy-พัฟหนอน สตรอเบอรี่-พรี
Healthy-พัฟหนอน หยองพริกเผา-พรี
Healthy-พัฟหนอน สับปะรด-พรี
Healthy-แป้งไรซ์ ไส้มังคุด-พรี
Healthy-แป้งใบเตย ไส้ไก่หยอง-พรี
Healthy-แป้งช็อค สับปะรด เจ-พร้อมส่ง
Healthy-แป้งไรซ์ ไส้สตรอ เจ-พรี
Healthy-แป้งใบเตย สับปะรด เจ-พร้อมส่ง
Healthy-พัฟหนอน หยองสาหร่าย-พรี
Healthy-แป้งใบเตย ไส้ไก่หยอง-พร้อมส่ง
Healthy-แป้งไรซ์ สับปะรด เจ-พร้อมส่ง
Healthy-แป้งแครอท ไส้สตรอ เจ-พรี
Healthy-แป้งไรซ์ หยองพริกเผา-พรี
Healthy-แป้งแครอท ไส้สตรอ เจ-พร้อมส่ง
Healthy-แป้งใบเตย สับปะรด เจ-พรี
Healthy-แป้งไรซ์ สับปะรด เจ-พรี
Healthy-พัฟหนอน หยองหม่าล่า-พรี
Healthy-โอ๊ตโลฟช็อคโกแลต-พร้อมส่ง
Healthy-พัฟอบไก่หยองล้วน-พรี
Healthy-พัฟอบ เตยหยองทูน่า-พรี
Healthy-พัฟอบไก่หยองพริกเผา-พรี
Healthy-พัฟอบ เตยหยองพริกเผา-พรี
Healthy-โมบันม่วงลาวาไข่เค็ม-พร้อมส่ง
Healthy-โอ้ตโลฟ มัทฉะ-พร้อมส่ง
Healthy-พัฟอบ เตยหยอง-พร้อมส่ง
Healthy-พัฟอบหยอง+เตยลูกชิด-พรี
Healthy-พัฟกลม ลาวาไข่เค็ม-พร้อมส่ง
Healthy-พัฟอบใบเตยลูกชิด-พรี
Healthy-พัฟอบ หยองหม่าล่า-พรี
Healthy-โลฟใบเตยไก่หยอง-พรี
Healthy-โมบันม่วงลาวาไข่เค็ม-พรี
Healthy-พัฟอบไก่หยองสาหร่าย-พร้อมส่ง
Healthy-พัฟกลมชอคลาวาไข่เค็ม-พร้อมส่ง
Healthy-โอ๊ตโลฟฟรุต-พรี
Healthy-โอ๊ตโลฟฟรุต-พร้อมส่ง
Healthy-พัฟอบ เตยหยองพริกเผา-พร้อมส่ง
Healthy-พัฟอบหยอง+เตยลูกชิด-พร้อมส่ง
Healthy-พัฟอบ หยองหม่าล่า-พร้อมส่ง
Healthy-พัฟอบ เตยหยองทูน่า-พร้อมส่ง
Healthy-พัฟอบไก่หยองสาหร่าย-พรี
Healthy-โมจิบันม่วง ไก่หยอง-พร้อมส่ง
Healthy-พัฟอบไก่หยองทูน่า-พรี
Healthy-พัฟอบไก่หยองพริกเผา-พร้อมส่ง
Healthy-พัฟกลม ลาวาไข่เค็ม-พรี
Healthy-พัฟอบไก่หยองทูน่า-พร้อมส่ง
Healthy-โลฟผักโขมไก่หยอง-พร้อมส่ง
Healthy-พัฟอบ เตยหยอง-พรี
Healthy-พัฟอบไก่หยองล้วน-พร้อมส่ง
Healthy-โมจิบันม่วง ไก่หยอง-พรี
Healthy-โลฟผักโขมไก่หยอง-พรี
Healthy-โมจิบันม่วง หยองเผา-พรี
Healthy-โลฟใบเตยไก่หยอง-พร้อมส่ง
Healthy-โอ้ตโลฟ มัทฉะ-พรี
Healthy-พัฟกลมชอคลาวาไข่เค็ม-พรี
Healthy-โมจิบันม่วง หยองเผา-พร้อมส่ง
Healthy-โอ๊ตโลฟช็อคโกแลต-พรี
Healthy-พัฟอบใบเตยลูกชิด-พร้อมส่ง
Heaven8-ช็อคสตรอเบอรี่-พร้อมส่ง
Heaven8-ช็อคกล้วย-พรี
Heaven8-ไก่หยองหม่าล่า-พรี
Heaven8-ไก่หยองเผือก-พรี
Heaven8-ช็อคกล้วย-พร้อมส่ง
Heaven8-ไก่หยองพริกเผา-พร้อมส่ง
Heaven8-ถั่วเค็มไก่หยอง-พร้อมส่ง
Heaven8-Coffee & Orange-พร้อมส่ง
Heaven8-ช็อคมัทฉะ-พร้อมส่ง
Heaven8-ทูน่าทรงเครื่อง-พร้อมส่ง
Heaven8-ไก่หยองผักโขม-พร้อมส่ง
Heaven8-ไก่หยองผักโขม-พรี
Heaven8-ไก่หยองถั่วแดง-พรี
Heaven8-พรี รสอื่นๆ ทักแชท-พรี
Heaven8-coffee chocchip-พรี
Heaven8-ไก่หยองถั่วแดง-พร้อมส่ง
Heaven8-ไก่หยองซอสเกาหลี-พรี
Heaven8-dark choc(เจ)-พรี
Heaven8-Coffee & Orange-พรี
Heaven8-ไก่หยองเห็ดหอม-พร้อมส่ง
Heaven8-ทูน่าปาปิก้า-พร้อมส่ง
Heaven8-ไก่หยองพิซซ่าชีส-พร้อมส่ง
Heaven8-ไก่หยองชีส-พร้อมส่ง
Heaven8-ไก่หยองbbq-พร้อมส่ง
Heaven8-ไก่หยองเห็ดหอม-พรี
Heaven8-ไก่หยองโคชูจัง-พรี
Heaven8-ส้มช็อคลาวา-พรี
Heaven8-ส้มช็อคลาวา-พร้อมส่ง
Heaven8-ไก่หยองชีส-พรี
Heaven8-กล้วยช็อคชิพ-พรี
Heaven8-บลูเบอรี่(เจ)-พรี
Heaven8-กล้วยช็อคชิพ-พร้อมส่ง
Heaven8-ทูน่าหม่าล่า-พร้อมส่ง
Heaven8-ช็อคเนยถั่ว-พรี
Heaven8-ช็อคมัทฉะ-พรี
Heaven8-ไก่หยองเผือก-พร้อมส่ง
Heaven8-ไก่หยองฮาวาย-พรี
Heaven8-ทูน่าหม่าล่า-พรี
Heaven8-ทูน่าทรงเครื่อง-พรี
Heaven8-ไก่หยองสาหร่าย-พรี
Heaven8-ปลากะพงหยองทรงเครื่อ-พร้อมส่ง
Heaven8-ไก่หยองbbq-พรี
Heaven8-ช็อคสตรอเบอรี่-พรี
Heaven8-very berry(เจ)-พรี
Heaven8-ไก่หยองผักโขมชีส-พร้อมส่ง
Heaven8-พรี รสอื่นๆ ทักแชท-พร้อมส่ง
Heaven8-ไก่หยองพิซซ่า-พร้อมส่ง
Heaven8-ไก่หยองพริกเผา-พรี
Heaven8-ถั่วเค็มไก่หยอง-พรี
Heaven8-very berry(เจ)-พร้อมส่ง
Heaven8-แครนเบอรี่(เจ)-พรี
Heaven8-ไก่หยองซอสเกาหลี-พร้อมส่ง
Heaven8-ไก่หยองซอสกะหรี่-พร้อมส่ง
Heaven8-ไก่หยองข้าวโพด-พรี
Heaven8-ไก่หยองฮาวาย-พร้อมส่ง
Heaven8-ทูน่าปาปิก้า-พรี
Heaven8-ปลากะพงหยองพริกเผา-พร้อมส่ง
Heaven8-ปลากะพงหยองทรงเครื่อ-พรี
Heaven8-ไก่หยองเนยถั่ว-พรี
Heaven8-coffee chocchip-พร้อมส่ง
Heaven8-ไก่หยองข้าวโพด-พร้อมส่ง
Heaven8-ไก่หยองพิซซ่าชีส-พรี
Heaven8-ไก่หยองเนยถั่ว-พร้อมส่ง
Heaven8-ช็อคเนยถั่ว-พร้อมส่ง
Heaven8-ไก่หยองพิซซ่า-พรี
Heaven8-ไก่หยองผักโขมชีส-พรี
Heaven8-dark choc(เจ)-พร้อมส่ง
Heaven8-ไก่หยองสาหร่าย-พร้อมส่ง
Heaven8-แครนเบอรี่(เจ)-พร้อมส่ง
Heaven8-บลูเบอรี่(เจ)-พร้อมส่ง
Heaven8-ไก่หยองซอสกะหรี่-พรี
Heaven8-ปลากะพงหยองพริกเผา-พรี
Heaven8-ไก่หยองหม่าล่า-พร้อมส่ง
Heaven8-ไก่หยองโคชูจัง-พร้อมส่ง
Heaven8-Audi pie สตรอเชอเบท-พร้อมส่ง
Heaven8-Vegan pie ช็อคเนยถั่-พรี
Heaven8-Vegan pie กาแฟช็อค-พร้อมส่ง
Heaven8-Vegan มัทฉะสตรอ-พร้อมส่ง
Heaven8-Vegan pie กาแฟช็อค-พรี
Heaven8-Vegan สตรอพีนัท-พรี
Heaven8-Vegan pie ดารกชอคชิพ-พร้อมส่ง
Heaven8-Vegan pie ช็อคเนยถั่-พร้อมส่ง
Heaven8-Vegan pie สตรอเชอเบท-พรี
Heaven8-Audi ไก่หยองถั่วแดง-พรี
Heaven8-Audi ไก่หยองโคชูจัง-พรี
Heaven8-Audi pie ทูน่าโคชูจั-พร้อมส่ง
Heaven8-Vegan มัทฉะสตรอ-พรี
Heaven8-📌พรีVeganรสอื่น แชท-พรี
Heaven8-Vegan pie กาแฟส้ม-พร้อมส่ง
Heaven8-Vegan pie ส้ม-พรี
Heaven8-📌พรีVeganรสอื่น แชท-พร้อมส่ง
Heaven8-Vegan pie สัปปะรดชอค-พรี
Heaven8-Audi pie เรดเวลเวด-พรี
Heaven8-Vegan pie ชาซีลอน-พร้อมส่ง
Heaven8-Audi pie สตรอครีมชีส-พร้อมส่ง
Heaven8-Audi ไก่หยองโคชูจัง-พร้อมส่ง
Heaven8-Vegan pie สตรอเชอเบท-พร้อมส่ง
Heaven8-Vegan pie คอฟฟี่ลาเต-พร้อมส่ง
Heaven8-Audi บลูเบอรี่ พีนัท-พรี
Heaven8-Audi pie หยองงาดำ-พร้อมส่ง
Heaven8-Audi pieถั่วเค็มหยอง-พรี
Heaven8-Audi บลูเบอรี่ พีนัท-พร้อมส่ง
Heaven8-Vegan pie งาดำ-พรี
Heaven8-Audi มัทฉะแครนเบอรี่-พรี
Heaven8-Audi pie อัญชันบลูเบ-พร้อมส่ง
Heaven8-Audi pie หยองพริกเผา-พรี
Heaven8-Vegan pie แครนเบอรี่-พร้อมส่ง
Heaven8-Vegan สตรอพีนัท-พร้อมส่ง
Heaven8-Audi pie อัญชันบลูเบ-พรี
Heaven8-Vegan มัทฉะงาดำ-พรี
Heaven8-Vegan มันม่วงลูกชิด-พร้อมส่ง
Heaven8-Vegan pie ชาซีลอน-พรี
Heaven8-Vegan pie สัปปะรดชอค-พร้อมส่ง
Heaven8-Vegan ถั่วแดง+ช็อค-พรี
Heaven8-Vegan pie อัญชันบลูเ-พร้อมส่ง
Heaven8-📌พรี Audiรสอื่น แชท-พร้อมส่ง
Heaven8-Audi pie หยองงาดำ-พรี
Heaven8-Vegan มันม่วงลูกชิด-พรี
Heaven8-Vegan pie อัญชันบลูเ-พรี
Heaven8-Vegan ถั่วแดง+ช็อค-พร้อมส่ง
Heaven8-Audi pie สตรอครีมชีส-พรี
Heaven8-Audi pie ส้มครีมชีส-พรี
Heaven8-Vegan pie งาดำ-พร้อมส่ง
Heaven8-Audi pieถั่วเค็มหยอง-พร้อมส่ง
Heaven8-Audi pie ส้มครีมชีส-พร้อมส่ง
Heaven8-Audi pie สตรอเชอเบท-พรี
Heaven8-Audi pie กาแฟชอคชิพ-พร้อมส่ง
Heaven8-Vegan pie กาแฟส้ม-พรี
Heaven8-Vegan pie แครนเบอรี่-พรี
Heaven8-📌พรี Audiรสอื่น แชท-พรี
Heaven8-Audi ไก่หยองถั่วแดง-พร้อมส่ง
Heaven8-Audi pie ทูน่าโคชูจั-พรี
Heaven8-Vegan pie ดารกชอคชิพ-พรี
Heaven8-Vegan มัทฉะงาดำ-พร้อมส่ง
Heaven8-Audi pie กาแฟชอคชิพ-พรี
Heaven8-Audi pie หยองพริกเผา-พร้อมส่ง
Heaven8-Vegan pie ส้ม-พร้อมส่ง
Heaven8-Audi มัทฉะแครนเบอรี่-พร้อมส่ง
Heaven8-Audi pie เรดเวลเวด-พร้อมส่ง
Heaven8-Vegan pie คอฟฟี่ลาเต-พรี
Eatthis-Eat this ใบเตยมัทฉะ-พร้อมส่ง
Eatthis-Eat thisดาร์กชอคครีม-พร้อมส่ง
Eatthis-Eat this วนิลา-พร้อมส่ง
Eatthis-Eat this กาแฟ-พร้อมส่ง
Eatthis-บราวนี่ ลาวา-พร้อมส่ง
ปั้นขลิบอบ-ปั้นขลิบ สับปะรดเจ-พร้อมส่ง
ปั้นขลิบอบ-ปั้นขลิบ ไส้ปลา-พร้อมส่ง
ปั้นขลิบอบ-ปั้นขลิบไส้เห็ด-พร้อมส่ง
ปั้นขลิบอบ-ปั้นขลิบ ไก่หยอง-พร้อมส่ง
Eatthis-บราวนี่ คิวบ์-พร้อมส่ง
Cupforfit-อกไก่แดง(แป้งออริ)-พร้อมส่ง
Cupforfit-ไม่ไส้ (แป้งออริ)-พร้อมส่ง
Cupforfit-ไส้มันม่วง(แป้งช็อค)-พร้อมส่ง
Cupforfit-ไส้กล้วย(แป้งช็อค)-พร้อมส่ง
Cupforfit-ไส้กล้วย(แป้งออริ)-พร้อมส่ง
Cupforfit-ไส้ใบเตย(แป้งช็อค)-พร้อมส่ง
Cupforfit-ไส้มอคค่า(แป้งออริ)-พร้อมส่ง
Cupforfit-ไม่ไส้ (แป้งช็อค)-พร้อมส่ง
Cupforfit-ไส้ชาไทย(แป้งช็อค)-พร้อมส่ง
Cupforfit-ไส้มันม่วง(แป้งออริ)-พร้อมส่ง
Cupforfit-หยองพริกเผา(แป้งออริ)-พร้อมส่ง
Cupforfit-ไส้ชาเขียว(แป้งออริ)-พร้อมส่ง
Cupforfit-ไส้ชาไทย(แป้งออริ)-พร้อมส่ง
Cupforfit-ไส้ไก่หยอง(แป้งออริ)-พร้อมส่ง
Cupforfit-ไส้มอคค่า(แป้งช็อค)-พร้อมส่ง
Cupforfit-ไส้ช็อค(แป้งออริ)-พร้อมส่ง
Cupforfit-ไส้ช็อค(แป้งช็อค)-พร้อมส่ง
Cupforfit-ไส้งาดำ(แป้งออริ)-พร้อมส่ง
Cupforfit-ไส้งาดำ(แป้งช็อค)-พร้อมส่ง
Cupforfit-ไส้ใบเตย(แป้งออริ)-พร้อมส่ง
Cupforfit-ไส้ฟักทอง(แป้งช็อค)-พร้อมส่ง
Cupforfit-ไส้ชาเขียว(แป้งช็อค)-พร้อมส่ง
Orachorn-มะม่วง อรชร(S)-แบบพร้อมส่ง
Orachorn-ชาเขียว อรชร(S)-แบบพร้อมส่ง
Orachorn-ไวท์ช็อค อรชร(S)-พรี
Orachorn-ออริ+สตรอ(M)-พรี
Orachorn-โกโก้ อรชร(S)-พรี
Orachorn-ใบเตย+มะพร้าว(M)-พรี
Orachorn-มะพร้าว อรชร(S)-แบบพร้อมส่ง
Orachorn-ไวท์ช็อค+โกโก้(M)-พรี
Orachorn-ฮอกไกโด อรชร(S)-พรี
Orachorn-มะม่วง อรชร(S)-พรี
Orachorn-ทุเรียน อรชร(S)-พรี
Orachorn-โกโก้+สตรอ(M)-แบบพร้อมส่ง
Orachorn-ชาเขียว อรชร(S)-พรี
Orachorn-มะพร้าว อรชร(S)-พรี
Orachorn-กาแฟ อรชร(S)-พรี
Orachorn-ออริ+โกโก้(M)-พรี
Orachorn-ทุเรียน อรชร(S)-แบบพร้อมส่ง
Orachorn-ออริจินัล อรชร(S)-พรี
Orachorn-โกโก้ อรชร(S)-แบบพร้อมส่ง
Orachorn-สตรอเบอรี่ อรชร(S)-แบบพร้อมส่ง
Orachorn-เผือก อรชร(S)-แบบพร้อมส่ง
Orachorn-ออริ+สตรอ(M)-แบบพร้อมส่ง
Orachorn-ใบเตย อรชร(S)-แบบพร้อมส่ง
Orachorn-ออริ+ใบเตย(M)-พรี
Orachorn-เผือก อรชร(S)-พรี
Orachorn-กล้วย อรชร(S)-แบบพร้อมส่ง
Orachorn-ออริ+กาแฟ(M)-พรี
Orachorn-รสเนยถั่ว อรชร(S)-พร้อมส่ง
Orachorn-ใบเตย อรชร(S)-พรี
Orachorn-โกโก้+สตรอ(M)-พรี
Orachorn-สตรอ+ใบเตย(M)-แบบพร้อมส่ง
Orachorn-ออริ+ใบเตย(M)-แบบพร้อมส่ง
Orachorn-บลูเบอรี่ อรชร(S)-พรี
Orachorn-โอวัลติน อรชร(S)-แบบพร้อมส่ง
Orachorn-บลูเบอรี่ อรชร(S)-พร้อมส่ง
Orachorn-ออริ+กาแฟ(M)-แบบพร้อมส่ง
Orachorn-กล้วย อรชร(S)-พรี
Orachorn-ไวท์ช็อค+โกโก้(M)-แบบพร้อมส่ง
Orachorn-เลม่อน อรชร(S)-แบบพร้อมส่ง
Orachorn-ออริ+โกโก้(M)-แบบพร้อมส่ง
Orachorn-คาราเมล อรชร(S)-พรี
Orachorn-คาราเมล อรชร(S)-แบบพร้อมส่ง
Orachorn-ชาไทย อรชร(S)-แบบพร้อมส่ง
Orachorn-ออริจินัล อรชร(S)-แบบพร้อมส่ง
Orachorn-กาแฟ อรชร(S)-แบบพร้อมส่ง
Orachorn-เลม่อน อรชร(S)-พรี
Orachorn-รสเนยถั่ว อรชร(S)-พรี
Orachorn-ฮอกไกโด อรชร(S)-พร้อมส่ง
Orachorn-สตรอ+ใบเตย(M)-พรี
Orachorn-ชาไทย อรชร(S)-พรี
Orachorn-โอวัลติน อรชร(S)-พรี
Orachorn-ไวท์ช็อค อรชร(S)-แบบพร้อมส่ง
Orachorn-ใบเตย+มะพร้าว(M)-แบบพร้อมส่ง
Orachorn-สตรอเบอรี่ อรชร(S)-พรี
Leanlife-มันญี่ปุ่นอัลมอนด์-พร้อมส่ง
Leanlife-ทาโกะยากิไก่หยอง-พร้อมส่ง
Leanlife-บลูเบอรี่เชอเบท-พร้อมส่ง
Leanlife-เผือกเนยถั่วหยอง-พร้อมส่ง
Leanlife-ไก่หยองสาหร่าย-พร้อมส่ง
Leanlife-ไก่หยองกะเพรา-พร้อมส่ง
Leanlife-ไก่หยองน้ำสลัด-พร้อมส่ง
Leanlife-เผือกมะพร้าวหอม-พร้อมส่ง
Leanlife-ใบเตยหอม-พร้อมส่ง
Leanlife-บานาน่าโตเกียว-พร้อมส่ง
Leanlife-ไก่หยองชีสไข่เค็ม-พร้อมส่ง
Leanlife-ฟักทอง-พร้อมส่ง
Leanlife-นูเทล่า-พร้อมส่ง
Leanlife-ทูน่าน้ำพริกปลาย่าง-พร้อมส่ง
Leanlife-วาฟเฟิล หยองพริกเผา-พร้อมส่ง
Leanlife-ชาไทย-พร้อมส่ง
Leanlife-แป้งงาดำไส้เผือกหยอง-พร้อมส่ง
Leanlife-หยองข้าวโพดแฮมชีส-พร้อมส่ง
Leanlife-ไก่หยองผักโขมอบชีส-พร้อมส่ง
Leanlife-ไก่หยองพิซซ่า-พร้อมส่ง
Leanlife-ทูนาผักโขมข้าวโพดชีส-พร้อมส่ง
Leanlife-กล้วยชีส-พร้อมส่ง
Leanlife-พีนัทถั่วรวม (เจ)-พร้อมส่ง
Leanlife-สตรอเบอรี่เชอเบท-พร้อมส่ง
Leanlife-ช็อคอัลมอนด์-พร้อมส่ง
Leanlife-คุกกี้ช็อควนิลา-พร้อมส่ง
Leanlife-วนิลาข้าวโพด-พร้อมส่ง
Leanlife-แครนเบอรี่ครีมชีส-พร้อมส่ง
Leanlife-มันม่วงข้าวโพด-พร้อมส่ง
Leanlife-ชาโคลกาแฟครีสชีส-พร้อมส่ง
Leanlife-ผักโขมหยองทรัฟเฟลชีส-พร้อมส่ง
Leanlife-ไส้กรอกหยองพริกเผา-พร้อมส่ง
Leanlife-มันญี่ปุ่นข้าวโพด-พร้อมส่ง
Leanlife-หยองพริกเผาครีมชีส-พร้อมส่ง
Leanlife-คัสตาร์ดครีม-พร้อมส่ง
Leanlife-นมเย็น-พร้อมส่ง
Leanlife-สตรอเบอรี่ครีมชีส-พร้อมส่ง
Leanlife-ไก่หยองพริกเผาไข่เค็-พร้อมส่ง
Leanlife-ชาโคลหยองฮอท&สไปซี่-พร้อมส่ง
KM-Crust หยองฝรั่งชมพู-พรี
KM-Crust ไก่หยองซอสบลู-พรี
KM-Crust พิงมิลค์เบอรี่-พร้อมส่ง
KM-Crust หยองพริกไทดำ-พรี
KM-Crust วนิลาคอฟฟี่-พร้อมส่ง
KM-Crust หยองต้มยำ-พรี
KM-Crust ช็อคโก้เบอรี่-พรี
KM-Crust ไก่หยองงาดำ-พรี
KM-Crust หยองงาคั่วญี่ป-พรี
KM-Crust ช็อคโก้ออเร้น-พรี
KM-Crust หยองชีสซี่ชีส-พรี
KM-Crust Greentea berry-พร้อมส่ง
KM-Crust ชาไทย-พรี
KM-Crustหยองเทาซันไอแลน-พร้อมส่ง
KM-Crust หยองคัสข้าวโพด-พร้อมส่ง
KM-Crust หยองพริกไทดำ-พร้อมส่ง
KM-Crust ไก่หยองสับปะรด-พรี
KM-เมนูพิเศษ Choc Cup-พรี
KM-Crust ไก่หยองซอสบลู-พร้อมส่ง
KM-Crust หยองพีนัทบัทเต-พร้อมส่ง
KM-Crust ช็อคโก้พีนัท-พร้อมส่ง
KM-Crust หยองทรัฟเฟิล-พรี
KM-Crust ไก่หยองเบอรี่-พรี
KM-Crust ถั่วทองควันเที-พร้อมส่ง
KM-Crust ใบเตย-พร้อมส่ง
KM-Crust หยองซาวครีมหัว-พรี
KM-Crustหยองเทาซันไอแลน-พรี
KM-Crustหยองพริกเผามาโย-พรี
KM-Crust วนิลา องุ่น-พร้อมส่ง
KM-Crust หยองสะเต๊ะ-พร้อมส่ง
KM-Crust ไก่หยองพีช-พร้อมส่ง
KM-Crust ไก่หยองซอสส้ม-พรี
KM-Crust ไก่หยองเสาวรส-พร้อมส่ง
KM-Crustวนิลาคัสข้าวโพด-พร้อมส่ง
KM-Crust วนิลา องุ่น-พรี
KM-Crust ชาไทย-พร้อมส่ง
KM-Crust คอฟฟี่ช็อค-พรี
KM-Crust คอฟฟี่ออเร้น-พรี
KM-Crust Greentea berry-พรี
KM-Crust ไก่หยองลิ้นจี่-พรี
KM-Crust คอฟฟี่ช็อค-พร้อมส่ง
KM-Crust ใบเตย-พรี
KM-Crust หยอง องุ่น-พร้อมส่ง
KM-Crust หยองชีสซี่ชีส-พร้อมส่ง
KM-Crust หยองคั่วกลิ้ง-พรี
KM-Crust Black Pink-พรี
KM-Crust วนิลาบูลเบอรี่-พรี
KM-Crust หยองสะเต๊ะ-พรี
KM-Crust ไก่หยองซอสส้ม-พร้อมส่ง
KM-Crust หยองงาคั่วญี่ป-พร้อมส่ง
KM-Crust หยองซอสแอปเปิล-พรี
KM-Crust หยองต้มยำ-พร้อมส่ง
KM-Crust ไก่หยองลิ้นจี่-พร้อมส่ง
KM-Crust พิงมิลค์เบอรี่-พรี
KM-Crust หยองคัสข้าวโพด-พรี
KM-Crust พิซซ่าสับปะรด-พรี
KM-Crust หยองพีนัทบัทเต-พรี
KM-Crust หยองซาวครีมหัว-พร้อมส่ง
KM-Crust ถั่วทองควันเที-พรี
KM-Crust หยอง องุ่น-พรี
KM-Crust วนิลาคอฟฟี่-พรี
KM-Crust หยองสลัดโบราณ-พรี
KM-Crust หยองทรัฟเฟิล-พร้อมส่ง
KM-Crust ไก่หยองงาดำ-พร้อมส่ง
KM-เมนูพิเศษ Choc Cup-พร้อมส่ง
KM-Crust ไก่หยองเบอรี่-พร้อมส่ง
KM-Crust ไก่หยองเสาวรส-พรี
KM-Crust พิซซ่าสับปะรด-พร้อมส่ง
KM-Crustวนิลาคัสข้าวโพด-พรี
KM-Crust หยองฝรั่งชมพู-พร้อมส่ง
KM-Crust Black Pink-พร้อมส่ง
KM-Crust ไก่หยองพีช-พรี
KM-Crust หยองสลัดโบราณ-พร้อมส่ง
KM-Crustหยองศรีราชามาโย-พร้อมส่ง
KM-Crust วนิลาบูลเบอรี่-พร้อมส่ง
KM-Crust ไก่หยองสับปะรด-พร้อมส่ง
KM-Crust ชาไทยช้อคโก้-พร้อมส่ง
KM-Crust ช็อคโก้ออเร้น-พร้อมส่ง
KM-Crust ช็อคโก้เบอรี่-พร้อมส่ง
KM-Crust ช็อคโก้พีนัท-พรี
KM-Crust หยองซอสแอปเปิล-พร้อมส่ง
KM-Crust ชาไทยช้อคโก้-พรี
KM-Crust คอฟฟี่ออเร้น-พร้อมส่ง
KM-Crustหยองพริกเผามาโย-พร้อมส่ง
KM-Crust หยองคั่วกลิ้ง-พร้อมส่ง
KM-Crustหยองศรีราชามาโย-พรี
KM-นมชมพู-พรี
KM-หยองสะเต๊ะ-พรี
KM-หยองซอสมะเขือ-พร้อมส่ง
KM-ไก่หยองต้มยำ-พร้อมส่ง
KM-หยองพริกเผาเผ็ดน้อย-พร้อมส่ง
KM-ชาไทย-พร้อมส่ง
KM-ไก่หยองชีสซี่ชีส-พรี
KM-วนิลาคัสช็อค-พรี
KM-ไก่หยองโคชูจัง-พรี
KM-หยองซาวครีมหัวหอม-พรี
KM-หยองคัสข้าวโพด-พรี
KM-ไก่หยองสตรอเบอรี่-พร้อมส่ง
KM-หยองสะเต๊ะ-พร้อมส่ง
KM-แบล็คพิ้งค์-พร้อมส่ง
KM-แบล็คพิ้งค์-พรี
KM-หยองเนยถั่ว-พร้อมส่ง
KM-หยองเทาซันไอแลนด์-พร้อมส่ง
KM-ชาเขียวซอสเนยถั่ว-พรี
KM-ไก่หยองกีวี่-พรี
KM-กาแฟ(เจ)-พร้อมส่ง
KM-หยองลิ้นจีครีมชีส-พร้อมส่ง
KM-ไก่หยองซอสเลม่อน-พร้อมส่ง
KM-ชาเขียวซอสเนยถั่ว-พร้อมส่ง
KM-โกโก้-พร้อมส่ง
KM-ไก่หยองต้มยำ-พรี
KM-ไก่หยองกีวี่-พร้อมส่ง
KM-วนิลาพีนัทบัทเตอร-พร้อมส่ง
KM-ไก่หยองซอสส้ม-พรี
KM-ไก่หยองซอสพริก-พรี
KM-นมชมพู-พร้อมส่ง
KM-กาแฟส้ม-พร้อมส่ง
KM-หยองพริกไทยดำ-พรี
KM-โกโก้-พรี
KM-หยองพริกไทยดำ-พร้อมส่ง
KM-ไก่หยองลิ้นจี่-พร้อมส่ง
KM-ไก่หยองพีช-พรี
KM-ไก่หยองพิซซ่า-พร้อมส่ง
KM-ใบเตยช็อกโก้-พรี
KM-ไก่หยองฉู่ฉี่-พรี
KM-ไก่หยองสลัดโบราณ-พรี
KM-ไก่หยองวาซาบิ-พร้อมส่ง
KM-ไก่หยองซีซ่า-พร้อมส่ง
KM-พิงค์มิลค์เบอรี่-พรี
KM-ไก่หยองชีสซี่ชีส-พร้อมส่ง
KM-งาดำ(เจ)-พรี
KM-วนิลาบลูเบอรี่-พรี
KM-ใบเตยช็อกโก้-พร้อมส่ง
KM-ไก่หยองสตรอเบอรี่-พรี
KM-ไก่หยอง-พรี
KM-ใบเตย-พร้อมส่ง
KM-ไก่หยองซอสพริก-พร้อมส่ง
KM-ไก่หยองซีซ่า-พรี
KM-หยอง องุ่น-พร้อมส่ง
KM-ไก่หยองงาคั่วญี่ปุ-พร้อมส่ง
KM-หยองทรัฟเฟิล-พรี
KM-ไก่หยองสับปะรด-พร้อมส่ง
KM-งาดำ(เจ)-พร้อมส่ง
KM-ไก่หยองงาคั่วญี่ปุ-พรี
KM-วนิลาบลูเบอรี่-พร้อมส่ง
KM-ไก่หยองลิ้นจี่-พรี
KM-ไก่หยองสับปะรด-พรี
KM-ชาเขียว-พร้อมส่ง
KM-ไก่หยองวาซาบิ-พรี
KM-ไก่หยองสาหร่าย-พรี
KM-ชาเขียว-พรี
KM-ไก่หยองบลูเบอรี่-พรี
KM-ชาไทย-พรี
KM-หยองทรัฟเฟิล-พร้อมส่ง
KM-ไก่หยองซอสเลม่อน-พรี
KM-หยองลิ้นจีครีมชีส-พรี
KM-ไก่หยองสาหร่าย-พร้อมส่ง
KM-ไก่หยองซอสส้ม-พร้อมส่ง
KM-ช็อคโก้เนยถั่ว-พร้อมส่ง
KM-หยองพริกเผาเผ็ดมาก-พร้อมส่ง
KM-ไก่หยองโคชูจัง-พร้อมส่ง
KM-วนิลา-พร้อมส่ง
KM-หยองคัสข้าวโพด-พร้อมส่ง
KM-หยองซอสแอปเปื้ล-พรี
KM-ไก่หยองบลูเบอรี่-พร้อมส่ง
KM-หยอง องุ่น-พรี
KM-วนิลา-พรี
KM-ไก่หยองสลัดโบราณ-พร้อมส่ง
KM-วนิลาคัสช็อค-พร้อมส่ง
KM-หยองซอสมะเขือ-พรี
KM-ใบเตย-พรี
KM-ไก่หยอง-พร้อมส่ง
KM-หยองพริกเผาเผ็ดมาก-พรี
KM-หยองเทาซันไอแลนด์-พรี
KM-กาแฟส้ม-พรี
KM-ไก่หยองพิซซ่า-พรี
KM-หยองซอสแอปเปื้ล-พร้อมส่ง
KM-ไก่หยองพีช-พร้อมส่ง
KM-หยองซาวครีมหัวหอม-พร้อมส่ง
KM-หยองเนยถั่ว-พรี
KM-ช็อคโก้เนยถั่ว-พรี
KM-ไก่หยองฉู่ฉี่-พร้อมส่ง
KM-หยองพริกเผาเผ็ดน้อย-พรี
KM-วนิลาพีนัทบัทเตอร-พรี
KM-พิงค์มิลค์เบอรี่-พร้อมส่ง
KM-กาแฟ(เจ)-พรี
Healthy-พัฟอบเตย หยองล้วน
Healthy-พัฟอบเตย หยองพริกเผา
Healthy-พัฟอบเตย หยองทูน่า
Healthy-พัฟอบไก่หยอง+ใบเตย
Healthy-พัฟอบออริ หม่าล่า
Healthy-พัฟอบไก่หยองสาหร่าย
Heaven8-บีทรูทลูกชิด-พรี
Heaven8-Coffee choc chip-พรี
Heaven8-ดาร์กช็อคกล้วย-พร้อมส่ง
Heaven8-Healthy พรี รสอื่นๆ ทักแชท-พร้อมส่ง
Heaven8-Healthy ถั่วเค็มไก่หยอง-พรี
Heaven8-บลูเบอร์รี่-พร้อมส่ง
Heaven8-Healthy พรี รสอื่นๆ ทักแชท-พรี
Heaven8-Coffee choc chip-พร้อมส่ง
Heaven8-บีทรูทแครนเบอรี่New-พร้อมส่ง
Heaven8-2tone ฟักทองไก่หยอง-พรี
Heaven8-ช็อคนามะอัลมอนด์-พรี
Heaven8-สตรอเบอรี่เชอเบท-พรี
Heaven8-ไก่หยองมันเทศ-พร้อมส่ง
Heaven8-บลูเบอร์รี่-พรี
Heaven8-คัสตาร์ดบลูเบอรี่New-พร้อมส่ง
Heaven8-สตรอเบอรี่เชอเบท-พร้อมส่ง
Heaven8-2tone ฟักทองไก่หยอง-พร้อมส่ง
Heaven8-อัญชันวนิลาลูกชิด-พรี
Heaven8-Healthy ถั่วเค็มไก่หยอง-พร้อมส่ง
Heaven8-ไก่หยองมันเทศ-พรี
Heaven8-บีทรูทลูกชิด-พร้อมส่ง
Heaven8-งาดำ-พรี
Heaven8-ถั่วแดง-พรี
Heaven8-อัญชันวนิลาลูกชิด-พร้อมส่ง
Heaven8-ถั่วแดง-พร้อมส่ง
Heaven8-คัสตาร์ดบลูเบอรี่New-พรี
Heaven8-ช็อคนามะอัลมอนด์-พร้อมส่ง
Heaven8-ดาร์กช็อคกล้วย-พรี
Heaven8-บีทรูทแครนเบอรี่New-พรี
Heaven8-งาดำ-พร้อมส่ง
ครัวหมี-หมูฝอย ครัวหมี-พร้อมส่ง
Carechoice-ผัดกะเพรา
Carechoice-ต้มยำ
Carechoice-พริกแกงเผ็ด
Carechoice-ผัดผัก
Carechoice-ดั้งเดิม
Carechoice-ลาบ-น้ำตก
Carechoice-ผงสามเกลอ
Carechoice-พะโล้สูตรโบราณ
Carechoice-น้ำยำแซ่บ
Carechoice-คลีนต้นตำรับ
Carechoice-ผงปรุงรสหมักนุ่ม
Carechoice-เห็ดหอม
Carechoice-ต้มข่าไก่
Carechoice-แกงเขียวหวาน
Carechoice-ปรุงน้ำซุป
Kanomdeedee-อัลมอนด์เคลือบมอคค่า
Kanomdeedee-อัลมอนด์เคลือบช็อค
Carechoice-บะหมี่แบนญป+ผงปรุง
Carechoice-เส้นเกลียว+ผงปรุงรส
Carechoice-บะหมีเหลืองเกาหลี+ผง
Carechoice-บะหมี่หยก+ผงปรุง
Carechoice-สปาฯแองเจิล+ผงปรุง
Carechoice-ข้องอ+ผงปรุงรส
Carechoice-พาสต้าABC+ผงปรุง
Carechoice-บะหมี่เหลือง+ผงปรุง
Carechoice-เส้นหมี่+ผงปรุง
Carechoice-พาสต้ายานพานะ+ผงปรุง
Carechoice-พาสต้ารูปโบว์+ผงปรุง
Carechoice-ก้นหอย+ผงปรุงรส
Carechoice-บะหมี่ผัก+ผงปรุง
Carechoice-พาสต้ารูปสัตว์+ผง
Kanomdeedee-กรอบเค็ม กะเพรา
Kanomdeedee-กรอบเค็ม อัลมอนด์
Kanomdeedee-กรอบเค็ม ไก่หยอง
Kanomdeedee-กรอบเค็ม พริกไทยดำ
Carechoice-Care สาหร่ายผักโขม
Carechoice-Care มินิวาฟเฟิลโขม
ครัวหมี-ไก่หยอง ครัวหมี-พร้อมส่ง
Orachorn-500gใบเตยชุบไวท์ช็อคล้วน-พ
Orachorn-500gกาแฟชุบช็อคล้วน-พรี📌
Orachorn-500gกาแฟชุบ+โกโก้ชุบช็อค-พรี
Orachorn-500gสตรอชุบสตรอล้วน-พรี
Orachorn-500gชาเขียวชุบ+สตรอชุบ-พรี
Orachorn-500gสตรอชุบช็อคล้วน-พรี
Orachorn-500gบลูชุบ+สตรอชุบไวท์-พรี
Orachorn-500gชาเขียว+สตรอ(ไม่ชุบ)-พรี
Orachorn-500gโกโก้ชุบ+สตรอชุบสตรอ-พรี
Orachorn-500gกล้วยชุบ+โกโก้ชุบช็อ-พรี
Orachorn-500gออริชุบช็อคล้วน-พรี
Orachorn-500gกโก้ชุบไวท์ช็อคล้วน-พรี
Leanlife-ข้าวหอม เอสเปรสโซ่-พร้อมส่ง
Leanlife-ข้าวหอม สตอเบอรี่ เจ-พร้อมส่ง
Leanlife-ข้าวหอม ชาไทยช็อคชิพ-พร้อมส่ง
Leanlife-ข้าวหอม โฮจิฉะ ชิพ-พร้อมส่ง
Leanlife-ข้าวหอม มะพร้าว เจ-พร้อมส่ง
Leanlife-ข้าวหอม ใบเตย เจ-พร้อมส่ง
Leanlife-ข้าวหอม ออริอัญชั เจ-พร้อมส่ง
Leanlife-ข้าวหอม กล้วยหอม ชิพ-พร้อมส่ง
Leanlife-ข้าวหอม มิกเบอรี่-พร้อมส่ง
Leanlife-ข้าวหอม คุกกี้&ครีม-พร้อมส่ง
Leanlife-ข้าวหอม พีช เจ-พร้อมส่ง
Leanlife-ข้าวหอม ไมโล-พร้อมส่ง
Leanlife-ข้าวหอม ข้าวโพดชีส-พร้อมส่ง
Leanlife-ข้าวหอม ช็อคช็อคชิพ-พร้อมส่ง
Leanlife-ข้าวหอม บลูเบอรี่ เจ-พร้อมส่ง
Leanlife-ข้าวหอม ฟักทองชิพ-พร้อมส่ง
Leanlife-ข้าวหอม ชาเขียวชิพ-พร้อมส่ง
Leanlife-ข้าวหอม หยองไข่เค็ม-พร้อมส่ง
Leanlife-ข้าวหอม โอวัลติน-พร้อมส่ง
Peko-JustPret Choc80%-พร้อมส่ง
Peko-JustPret Pizza time-พรี
Peko-JustPret Chick(farm)-พรี
Peko-JustPret Chic(Floss)-พรี
Peko-JustPret Chick(farm)-พร้อมส่ง
Peko-JustPret Pizza time-พร้อมส่ง
Peko-JustPret Chic(Floss)-พร้อมส่ง
Peko-JustPret Old school-พรี
Peko-JustPret Choc80%-พรี
Peko-JustPret Old school-พร้อมส่ง
Pangfuufuu-ออริจินัล ไซส์เล็ก100g
Pangfuufuu-ต้มยำกุ้งน้ำข้น ไซส์เล็ก100g
Pangfuufuu-ผัดไข่เค็ม ไซส์ใหญ่290g
Pangfuufuu-หมูย่างนมสด ไซส์ใหญ่290g
Pangfuufuu-อิตาเลี่ยนพิซซ่า ไซส์เล็ก100g
Pangfuufuu-พริกเผาไก่หยอง ไซส์ใหญ่290g
Pangfuufuu-ชิคเก้นบาบีคิว ไซส์ใหญ่290g
Pangfuufuu-กลมกล่อม ไซส์ใหญ่290g
Pangfuufuu-ไก่หยองกระเทียม ไซส์ใหญ่290g
Pangfuufuu-ชิคเก้นบาบีคิว ไซส์เล็ก100g
Pangfuufuu-ฮาวายเอี้ยนพิซซ่า ไซส์เล็ก100g
Pangfuufuu-ซอสพริก ไซส์เล็ก100g
Pangfuufuu-ผัดไข่เค็ม ไซส์เล็ก100g
Pangfuufuu-ยำสาหร่าย ไซส์เล็ก100g
Pangfuufuu-กระเพรากรอบ ไซส์ใหญ่290g
Pangfuufuu-แซ่บนัว(ลาบ) ไซส์ใหญ่290g
Pangfuufuu-ยำสาหร่าย ไซส์ใหญ่290g
Pangfuufuu-เห็ดทรัฟเฟิล ไซส์ใหญ่290g
Pangfuufuu-คอร์นชีส ไซส์เล็ก100g
Pangfuufuu-ฮาวายเอี้ยนพิซซ่า ไซส์ใหญ่290g
Pangfuufuu-ซอสมะเขือ ไซส์เล็ก100g
Pangfuufuu-แซ่บนัว(ลาบ) ไซส์เล็ก100g
Pangfuufuu-ซาวครีมหัวหอม ไซส์เล็ก100g
Pangfuufuu-คอร์นชีส ไซส์ใหญ่290g
Pangfuufuu-เห็ดทรัฟเฟิล ไซส์เล็ก100g
Pangfuufuu-หมูย่างนมสด ไซส์เล็ก100g
Pangfuufuu-ซาวครีมหัวหอม ไซส์ใหญ่290g
Pangfuufuu-กลมกล่อม ไซส์เล็ก100g
Pangfuufuu-หม่าล่า ไซส์เล็ก100g
Pangfuufuu-ต้มยำกุ้งน้ำข้น ไซส์ใหญ่290g
Pangfuufuu-หม่าล่า ไซส์ใหญ่290g
Pangfuufuu-พริกเผาไก่หยอง ไซส์เล็ก100g
Pangfuufuu-ออริจินัล ไซส์ใหญ่290g
Pangfuufuu-อิตาเลี่ยนพิซซ่า ไซส์ใหญ่290g
Pangfuufuu-ซอสมะเขือ ไซส์ใหญ่290g
Pangfuufuu-ซอสพริก ไซส์ใหญ่290g
Pangfuufuu-ไก่หยองกระเทียม ไซส์เล็ก100g
Pangfuufuu-กระเพรากรอบ ไซส์เล็ก100g
Pangfuufuu-ครันชี่ กาแฟ เจ
Pangfuufuu-ครันชี่แครนเบอรี่ เจ
Pangfuufuu-ครันชี่ คละรส
Pangfuufuu-ครันชี่ คุกกี้&ครีม
Pangfuufuu-ครันชี่สตรอเบอรี่ เจ
Pangfuufuu-ครันชี่ ไมโล
Pangfuufuu-ครีนชี่ เชอร์รี่ เจ
Pangfuufuu-ครันชี บลูเบอรีโยเกิ
Pangfuufuu-ครันชี่ กีวี่ เจ
Pangfuufuu-ครันชี่ ส้ม เจ
Kanomdeedee-egg white ทรัฟเฟิล
Kanomdeedee-egg white ซาวครีม
Kanomdeedee-egg white บานาน่า
Kanomdeedee-egg white ออริ
Pangfuufuu-งาดำ(PFF)-พร้อมส่ง
Pangfuufuu-กาแฟ(PFF)-พร้อมส่ง
Pangfuufuu-นูเทลล่า(PFF)-พร้อมส่ง
Pangfuufuu-แมคคาเดเมีย ออริ-พร้อมส่ง
Pangfuufuu-โอรีโอ้(PFF)-พร้อมส่ง
Pangfuufuu-ออริจินัล(PFF)-พร้อมส่ง
Pangfuufuu-ไมโล(PFF)-พร้อมส่ง
Pangfuufuu-แมคคาเดเมีย กาแฟ-พร้อมส่ง
Pangfuufuu-มัทฉะ(PFF)-พร้อมส่ง
Pangfuufuu-แมคคาเดเมีย เอิลเกร-พร้อมส่ง
Pangfuufuu-บราวนี่อัลมอน(PFF)-พร้อมส่ง
Pangfuufuu-มันม่วง(PFF)-พร้อมส่ง
Pangfuufuu-แมคคาเดเมีย มัทฉะ-พร้อมส่ง
Kanomdeedee-แป้งสตรอเบอรี่
Kanomdeedee-แป้งไรซ์เบอรี่
Kanomdeedee-แป้งออริจินัล
Kanomdeedee-แป้งใบเตย
Kanomdeedee-เฮลตี้ไบท์ รสบราวนี่
Kanomdeedee-เฮลตี้ไบท์ รสไมโล
ข้าวบุกหอมมะ-ข้าวบุกดำ 50กรัม
ข้าวบุกหอมมะ-ข้าวบุกขาว 50กรัม
Kanomdeedee-อัลมอนน้ำผึ้ง ออริ
Kanomdeedee-อัลมอนน้ำผึ้ง ธัญพืช
Kanomdeedee-ตูเล่ ดาร์กโกโก้
Kanomdeedee-ตูเล่ ออริจินัล
น้ำตาลหล่อฮั-100กรัม
TF-ออริ ครันชี่220g
TF-ออริ สมูท120g
TF-ออริ สมูท220g
TF-ออริ ครันชี่120g
Sabiang-SBCบราวนี่ 90กรัม
KM-Bubbly หยองซอสส้ม-พร้อมส่ง
KM-Bubbly ใบเตย-พรี
KM-Bubbly ไก่หยอง-พรี
KM-Bubbly หยองศรีราชา-พร้อมส่ง
KM-Bubbly หยองสตรอ-พรี
KM-Bubbly กาแฟ-พรี
KM-Bubbly ใบเตย-พร้อมส่ง
KM-Bubbly ไก่หยอง-พร้อมส่ง
KM-Bubbly หยองสตรอ-พร้อมส่ง
KM-Bubbly หยองซอสส้ม-พรี
KM-Bubbly กาแฟ-พร้อมส่ง
KM-Bubbly หยองสาหร่าย-พรี
KM-Bubbly หยองงาคั่ว-พรี
KM-Bubbly หยองสาหร่าย-พร้อมส่ง
KM-Bubbly หยองพริกเผา-พร้อมส่ง
KM-Bubbly หยองพริกเผา-พรี
KM-Bubbly ชาไทย-พรี
KM-Bubbly หยองงาคั่ว-พร้อมส่ง
KM-Bubbly หยองศรีราชา-พรี
KM-Bubbly ชาไทย-พร้อมส่ง
KM-ไข่ขาวอบ กาแฟ-พรี
KM-ปั้น หยองพิซซ่า-พรี
KM-ปั้น หยองสาหร่าย-พร้อมส่ง
KM-ปั้น หยองพริกเผา-พรี
KM-ปั้น หยองต้มยำ-พร้อมส่ง
KM-ไข่ขาวอบ ชาไทย-พรี
KM-ไข่ขาวอบ กาแฟ-พร้อมส่ง
KM-ปั้น หยองสาหร่าย-พรี
KM-ปั้น หยองพริกเผา-พร้อมส่ง
KM-ไข่ขาวอบ ชาไทย-พร้อมส่ง
KM-ไข่ขาวอบ ช็อค-พรี
KM-ปั้น หยองพิซซ่า-พร้อมส่ง
KM-ไข่ขาวอบ ช็อค-พร้อมส่ง
KM-ปั้น หยองต้มยำ-พรี
Heaven8-โรลบันไก่หยองใบเตย-พรี
Heaven8-โรลบันไก่หยองข้าวโพด-พร้อมส่ง
Heaven8-โรลบันชาโคลบีทรูทสตรอ-พรี
Heaven8-โรลบันไก่หยองผักโขม-พรี
Heaven8-โรลบันไก่หยองสาหร่าย-พร้อมส่ง
Heaven8-โรลบันไก่หยองใบเตย-พร้อมส่ง
Heaven8-โรลบันทูน่าทรงเครื่อง-พร้อมส่ง
Heaven8-พรี โรลบัน รสอื่นๆ ทักแชท-พรี
Heaven8-โรลบันไก่หยองพริกเผา-พร้อมส่ง
Heaven8-โรลบันเรดเวลเวดนามะช็อค-พรี
Heaven8-โรลบันถั่วขาวช็อคชิพ เจ-พร้อมส่ง
Heaven8-โรลบันไก่หยองโคชูจัง-พร้อมส่ง
Heaven8-โรลบันไก่หยองผักโขม-พร้อมส่ง
Heaven8-โรลบันไก่หยองข้าวโพด-พรี
Heaven8-โรลบันถั่วเค็มไก่หยอง-พรี
Heaven8-พรี โรลบัน รสอื่นๆ ทักแชท-พร้อมส่ง
Heaven8-โรลบันถั่วเค็มไก่หยอง-พร้อมส่ง
Heaven8-โรลบันไก่หยองพริกเผา-พรี
Heaven8-โรลบันถั่วขาวช็อคชิพ เจ-พรี
Heaven8-โรลบันเรดเวลเวดนามะช็อค-พร้อมส่ง
Heaven8-โรลบันไก่หยอง&งาดำ-พรี
Heaven8-โรลบันชาโคลบีทรูทสตรอ-พร้อมส่ง
Heaven8-โรลบันไก่หยอง&งาดำ-พร้อมส่ง
Heaven8-โรลบันไก่หยองสาหร่าย-พรี
Heaven8-โรลบันไก่หยองอัญชัน-พรี
Heaven8-โรลบันทูน่าทรงเครื่อง-พรี
Heaven8-โรลบันไก่หยองโคชูจัง-พรี
Heaven8-โรลบันไก่หยองอัญชัน-พร้อมส่ง
Sabiang-SBC ไก่หยอง แบบนุ่ม 100กรัม
Sabiang-SBC ไก่หยอง แบบนุ่ม 50กรัม
Peko-ผักโขมไก่หยอง-พรี
Peko-กาแฟส้ม-พร้อมส่ง
Peko-ช็อคเฮเซลแมคคาเดเมีย-พรี
Peko-มันหวานเผือกเกาลัด-พร้อมส่ง
Peko-สตรอแครนอัลมอนด์-พร้อมส่ง
Peko-ส้มฟิกวอลนัท-พร้อมส่ง
Peko-เนยถั่วไก่หยอง-พรี
Peko-เนยถั่วไก่หยอง-พร้อมส่ง
Peko-ส้มฟิกวอลนัท-พรี
Peko-มัทฉะยูสุถั่วแดง-พร้อมส่ง
Peko-ซีเรียสลี่ช็อค-พรี
Peko-มันหวานเผือกเกาลัด-พรี
Peko-ซีเรียสลี่ช็อค-พร้อมส่ง
Peko-กาแฟส้ม-พรี
Peko-ผักโขมไก่หยอง-พร้อมส่ง
Peko-ช็อคเฮเซลแมคคาเดเมีย-พร้อมส่ง
Peko-มัทฉะยูสุถั่วแดง-พรี
Peko-สตรอแครนอัลมอนด์-พรี
LeanChan-ไก่หยองLean@chan
Sabiang-SCBหยองนุ่ม หวานน้อย 50กรัม
Sabiang-SBC ไก่หยอง ออริ 100กรัม
Sabiang-SCBหยองนุ่ม หวานน้อย 100กรัม
ครัวหมี-170กรัม
ครัวหมี-100กรัม
มัลเบอร์รี่ส-มัลเบอรี่สติ๊ก100g
มัลเบอร์รี่ส-มัลเบอรี่สติ๊ก200g
Orachorn-ชาโคลไส้ไก่หยอง-พร้อมส่ง
Orachorn-ไส้ไก่หยองพริกเผา-พร้อมส่ง
Orachorn-ชาโคลไส้ซุปข้าวโพด-พร้อมส่ง
Orachorn-ชาโคลไส้ดาร์กช็อค-พร้อมส่ง
Orachorn-ใบเตย-พร้อมส่ง
Orachorn-ไส้เผือก-พร้อมส่ง
Leanlife-คุกกี้ ช็อค ธัญพืช
Leanlife-คุกกี้ กาแฟ ธัญพืช
Leanlife-คุกกี้ ออริ ธัญพืช
Leanlife-Leanlifeโปรตีน ชาไทย
Leanlife-Leanlifeโปรตีน สตรอ
Leanlife-Leanlifeโปรตีน วนิลา
Leanlife-Leanlifeโปรตีน ช็อค
Leanlife-Leanliโปรตีน เอิลเกร
Leanlife-Leanlifeโปรตีน มัทฉะ
Leanlife-Leanlifeโปรตีน กาแฟ
Leanlife-Leanlifeโปรตีน ใบเตย
Leanlife-คุกกี้สิงค์ แครนเบอรี่
Leanlife-คุกกี้สิงค์ ช็อค
Leanlife-คุกกี้สิงค์ มัทฉะ
Leanlife-คุกกี้สิงค์ เนยถั่ว
Leanlife-กาแฟ
ข้าวบุกหอมมะ-ข้าวบุกขาว 1000กรัม
ข้าวบุกหอมมะ-ข้าวบุกดำ 1000กรัม
Healthy-ใบเตย หยองพริกเผา-พรี
Healthy-ใบเตย หยองพริกเผา-พร้อมส่ง
Heaven8-Lemon curd-พรี
Heaven8-Lemon curd-พร้อมส่ง
KM-Crust หยองสับครีมชีส-พรี
KM-Crust หยองสับครีมชีส-พร้อมส่ง
KM-Crust ไก่หยองบ๊วย-พรี
KM-Crust ไก่หยองบ๊วย-พร้อมส่ง
KM-คอฟฟี่ช็อคโก้-พรี
KM-คอฟฟี่ช็อคโก้-พร้อมส่ง
KM-งาดำช็อคโก้-พรี
KM-งาดำช็อคโก้-พร้อมส่ง
